existing_id,school_name,school_name_reading,official_school_name,department,course,track,area,reference_year,status,capacity,special_quota_number,special_quota_percent,general_ratio,ratio_type,special_selection_available,main_eligibility,main_achievements,interview,additional_tests,summary,source_count,data_completeness,review_required
koza-f,コザ,こざ,沖縄県立コザ高等学校,普通科,,全日制,中部,令和8年度,previous_reference,360,90,25,4.5:5.5,exam_emphasis_4_5_5_5,True,3年間の評定平均が3.5以上,文化・スポーツ／資格／生徒会・社会活動／学校別実績表あり／公式表主要行確認済み・全セル要確認,実施しない,,令和8年度参考。一般選抜は4.5:5.5。特色選抜は25%以内。,10,school_detail_partial,True
koza-night-commerce,コザ,こざ,沖縄県立コザ高等学校,商業科,,定時制,中部,令和8年度,previous_reference,40,16,40,5:5,standard_5_5,True,中学校等を卒業見込みで、志望校・学科が示す求める生徒像と出願要件を満たす者,文化・スポーツ／資格／生徒会・社会活動／過年度実績表あり／当該年度の公式ランク表を確認できず,個人面接／15分程度,個人面接,令和8年度参考。一般選抜は5:5。特色選抜は40%以内。 検査は面接・個人面接。,9,school_detail_confirmed,True
yokatsu-f,与勝,よかつ,沖縄県立与勝高等学校,普通科,,全日制,中部,令和8年度,previous_reference,160,40,25,5:5,standard_5_5,True,評定平均3.0以上／評定1がないこと／各学年の無届欠席2日以内／各学年の欠席日数19日以内,文化・スポーツ／特別活動／資格／地域・社会活動／学校別実績表あり,学校指定の面接／10点,,令和8年度参考。一般選抜は5:5。特色選抜は25%以内。 検査は面接。,7,school_detail_confirmed,True
chubusho-kokusai,中部商業,ちゅうぶしょうぎょう,沖縄県立中部商業高等学校,国際ビジネス科,,全日制,中部,令和8年度,previous_reference,40,16,40,5:5,standard_5_5,True,評定平均3.0以上／無届欠席が各学年10日以内,商業資格・検定／部活動・文化活動／特別活動・社会活動／当該年度の公式ランク表を確認できず,学校指定の面接／30点,,令和8年度参考。一般選抜は5:5。特色選抜は40%以内。 検査は面接。,8,school_detail_confirmed,True
chubusho-joho,中部商業,ちゅうぶしょうぎょう,沖縄県立中部商業高等学校,情報ビジネス科,,全日制,中部,令和8年度,previous_reference,80,32,40,5:5,standard_5_5,True,評定平均3.0以上／無届欠席が各学年10日以内,商業資格・検定／部活動・文化活動／特別活動・社会活動／当該年度の公式ランク表を確認できず,学校指定の面接／30点,,令和8年度参考。一般選抜は5:5。特色選抜は40%以内。 検査は面接。,8,school_detail_confirmed,True
chubusho-spo,中部商業,ちゅうぶしょうぎょう,沖縄県立中部商業高等学校,生涯スポーツ科,,全日制,中部,令和8年度,previous_reference,40,20,50,5:5,standard_5_5,True,生涯スポーツ科での学習・競技活動を継続する意思があること,商業資格・検定／部活動・文化活動／特別活動・社会活動／当該年度の公式ランク表を確認できず,学校指定の面接／30点,,令和8年度参考。一般選抜は5:5。特色選抜は50%以内。 検査は面接・実技。,8,school_detail_confirmed,True
chubusho-sogo,中部商業,ちゅうぶしょうぎょう,沖縄県立中部商業高等学校,総合ビジネス科,,全日制,中部,令和8年度,previous_reference,120,48,40,5:5,standard_5_5,True,評定平均3.0以上／無届欠席が各学年10日以内,商業資格・検定／部活動・文化活動／特別活動・社会活動／当該年度の公式ランク表を確認できず,学校指定の面接／30点,,令和8年度参考。一般選抜は5:5。特色選抜は40%以内。 検査は面接。,8,school_detail_confirmed,True
chubuno-ek,中部農林,ちゅうぶのうりん,沖縄県立中部農林高等学校,園芸科学科,,全日制,中部,令和8年度,previous_reference,40,12,30,5:5,standard_5_5,True,環境・資源分野の学校資料に定める評定要件を満たすこと／評定1がないこと,専門分野の活動／部活動・文化活動／資格／特別活動・地域活動／学校別実績表あり,個人面接／50点,,令和8年度参考。一般選抜は5:5。特色選抜は30%以内。 検査は面接。,11,school_detail_confirmed,True
chubuno-nr,中部農林,ちゅうぶのうりん,沖縄県立中部農林高等学校,熱帯資源科,,全日制,中部,令和8年度,previous_reference,40,12,30,5:5,standard_5_5,True,農業分野の学校資料に定める評定要件を満たすこと／評定1がないこと,専門分野の活動／部活動・文化活動／資格／特別活動・地域活動／学校別実績表あり,個人面接／50点,,令和8年度参考。一般選抜は5:5。特色選抜は30%以内。 検査は面接。,11,school_detail_confirmed,True
chubuno-fk,中部農林,ちゅうぶのうりん,沖縄県立中部農林高等学校,福祉科,,全日制,中部,令和8年度,previous_reference,40,12,30,5:5,standard_5_5,True,食品分野の学校資料に定める評定要件を満たすこと／評定1がないこと,専門分野の活動／部活動・文化活動／資格／特別活動・地域活動／学校別実績表あり,個人面接／50点,,令和8年度参考。一般選抜は5:5。特色選抜は30%以内。 検査は面接。,11,school_detail_confirmed,True
chubuno-zo,中部農林,ちゅうぶのうりん,沖縄県立中部農林高等学校,造園科,,全日制,中部,令和8年度,previous_reference,40,12,30,5:5,standard_5_5,True,造園分野の学校資料に定める評定要件を満たすこと／評定1がないこと,専門分野の活動／部活動・文化活動／資格／特別活動・地域活動／学校別実績表あり,個人面接／50点,,令和8年度参考。一般選抜は5:5。特色選抜は30%以内。 検査は面接。,11,school_detail_confirmed,True
chubuno-sk,中部農林,ちゅうぶのうりん,沖縄県立中部農林高等学校,食品科学科,,全日制,中部,令和8年度,previous_reference,40,12,30,5:5,standard_5_5,True,生活・福祉分野の学校資料に定める評定要件を満たすこと／評定1がないこと,専門分野の活動／部活動・文化活動／資格／特別活動・地域活動／学校別実績表あり,個人面接／50点,,令和8年度参考。一般選抜は5:5。特色選抜は30%以内。 検査は面接。,11,school_detail_confirmed,True
chubuno-night-agri,中部農林,ちゅうぶのうりん,沖縄県立中部農林高等学校,農業科,,定時制,中部,令和8年度,previous_reference,40,12,30,5:5,standard_5_5,True,3年間に評定1がないこと／定時制農業科の学習に意欲があること,専門分野の活動／部活動・文化活動／資格／特別活動・地域活動／学校別実績表あり,個人面接／50点,,令和8年度参考。一般選抜は5:5。特色選抜は30%以内。 検査は面接。,11,school_detail_confirmed,True
kumejima-en,久米島,くめじま,沖縄県立久米島高等学校,園芸科,,全日制,南部,令和8年度,previous_reference,40,8,20,5:5,standard_5_5,True,中学校等を卒業見込みで、志望校・学科が示す求める生徒像と出願要件を満たす者,特別活動／部活動・文化活動／資格／地域・社会活動／当該年度の公式ランク表を確認できず,個人面接（目安10分）／50点,,令和8年度参考。一般選抜は5:5。特色選抜は20%以内。 検査は面接。,8,school_detail_confirmed,True
kumejima-f,久米島,くめじま,沖縄県立久米島高等学校,普通科,,全日制,南部,令和8年度,previous_reference,80,16,20,5:5,standard_5_5,True,中学校等を卒業見込みで、志望校・学科が示す求める生徒像と出願要件を満たす者,特別活動／部活動・文化活動／資格／地域・社会活動／当該年度の公式ランク表を確認できず,個人面接（目安10分）／50点,,令和8年度参考。一般選抜は5:5。特色選抜は20%以内。 検査は面接。,8,school_detail_confirmed,True
yaeyama-f,八重山,やえやま,沖縄県立八重山高等学校,普通科,,全日制,宮古・八重山,令和8年度,previous_reference,240,48,20,5:5,standard_5_5,True,評定平均3.0以上／学校の活動・出欠要件を満たすこと,文化・スポーツ／資格／特別活動・社会活動／当該年度の公式ランク表を確認できず,学校指定の面接,,令和8年度参考。一般選抜は5:5。特色選抜は20%以内。 検査は面接。,7,school_detail_confirmed,True
yaesho-ka,八重山商工,やえやましょうこう,沖縄県立八重山商工高等学校,商業科,会計システム,全日制,宮古・八重山,令和8年度,previous_reference,30,12,40,5:5,standard_5_5,True,全日制は評定平均3.0以上を基本とし、学校資料の学科別要件を満たすこと,特別活動／部活動・文化活動／資格／専門・社会活動／学校別実績表あり,個人面接・エントリーシート／125点,,令和8年度参考。一般選抜は5:5。特色選抜は40%以内。 検査は面接。,11,school_detail_confirmed,True
yaesho-jb,八重山商工,やえやましょうこう,沖縄県立八重山商工高等学校,商業科,情報ビジネス,全日制,宮古・八重山,令和8年度,previous_reference,30,12,40,5:5,standard_5_5,True,全日制は評定平均3.0以上を基本とし、学校資料の学科別要件を満たすこと,特別活動／部活動・文化活動／資格／専門・社会活動／学校別実績表あり,個人面接・エントリーシート／125点,,令和8年度参考。一般選抜は5:5。特色選抜は40%以内。 検査は面接。,11,school_detail_confirmed,True
yaesho-kk,八重山商工,やえやましょうこう,沖縄県立八重山商工高等学校,商業科,観光,全日制,宮古・八重山,令和8年度,previous_reference,20,8,40,5:5,standard_5_5,True,全日制は評定平均3.0以上を基本とし、学校資料の学科別要件を満たすこと,特別活動／部活動・文化活動／資格／専門・社会活動／学校別実績表あり,個人面接・エントリーシート／125点,,令和8年度参考。一般選抜は5:5。特色選抜は40%以内。 検査は面接。,11,school_detail_confirmed,True
yaesho-jg,八重山商工,やえやましょうこう,沖縄県立八重山商工高等学校,情報技術科,,全日制,宮古・八重山,令和8年度,previous_reference,40,16,40,5:5,standard_5_5,True,全日制は評定平均3.0以上を基本とし、学校資料の学科別要件を満たすこと,特別活動／部活動・文化活動／資格／専門・社会活動／学校別実績表あり,個人面接・エントリーシート／125点,,令和8年度参考。一般選抜は5:5。特色選抜は40%以内。 検査は面接。,11,school_detail_confirmed,True
yaesho-km,八重山商工,やえやましょうこう,沖縄県立八重山商工高等学校,機械電気科,機械,全日制,宮古・八重山,令和8年度,previous_reference,20,8,40,5:5,standard_5_5,True,全日制は評定平均3.0以上を基本とし、学校資料の学科別要件を満たすこと,特別活動／部活動・文化活動／資格／専門・社会活動／学校別実績表あり,個人面接・エントリーシート／125点,,令和8年度参考。一般選抜は5:5。特色選抜は40%以内。 検査は面接。,11,school_detail_confirmed,True
yaesho-kd,八重山商工,やえやましょうこう,沖縄県立八重山商工高等学校,機械電気科,電気,全日制,宮古・八重山,令和8年度,previous_reference,20,8,40,5:5,standard_5_5,True,全日制は評定平均3.0以上を基本とし、学校資料の学科別要件を満たすこと,特別活動／部活動・文化活動／資格／専門・社会活動／学校別実績表あり,個人面接・エントリーシート／125点,,令和8年度参考。一般選抜は5:5。特色選抜は40%以内。 検査は面接。,11,school_detail_confirmed,True
yaesho-night-commerce,八重山商工,やえやましょうこう,沖縄県立八重山商工高等学校,商業科,,定時制,宮古・八重山,令和8年度,previous_reference,40,12,30,5:5,standard_5_5,True,定時制商業科の学校資料に定める出願要件を満たすこと,特別活動／部活動・文化活動／資格／専門・社会活動／学校別実績表あり,個人面接・エントリーシート／125点,,令和8年度参考。一般選抜は5:5。特色選抜は30%以内。 検査は面接。,11,school_detail_confirmed,True
yaeno-af,八重山農林,やえやまのうりん,沖縄県立八重山農林高等学校,アグリフード科,,全日制,宮古・八重山,令和8年度,previous_reference,40,12,30,5:5,standard_5_5,True,中学校等を卒業見込みで、志望校・学科が示す求める生徒像と出願要件を満たす者,専門分野の活動／部活動・文化活動／資格／特別活動・地域活動／当該年度の公式ランク表を確認できず,学校指定の面接／200点,,令和8年度参考。一般選抜は5:5。特色選抜は30%以内。 検査は面接・作文。,7,school_detail_confirmed,True
yaeno-gl,八重山農林,やえやまのうりん,沖縄県立八重山農林高等学校,グリーンライフ科,,全日制,宮古・八重山,令和8年度,previous_reference,40,12,30,5:5,standard_5_5,True,中学校等を卒業見込みで、志望校・学科が示す求める生徒像と出願要件を満たす者,専門分野の活動／部活動・文化活動／資格／特別活動・地域活動／当該年度の公式ランク表を確認できず,学校指定の面接／200点,,令和8年度参考。一般選抜は5:5。特色選抜は30%以内。 検査は面接・作文。,7,school_detail_confirmed,True
yaeno-fp,八重山農林,やえやまのうりん,沖縄県立八重山農林高等学校,フードプロデュース科,,全日制,宮古・八重山,令和8年度,previous_reference,40,12,30,5:5,standard_5_5,True,中学校等を卒業見込みで、志望校・学科が示す求める生徒像と出願要件を満たす者,専門分野の活動／部活動・文化活動／資格／特別活動・地域活動／当該年度の公式ランク表を確認できず,学校指定の面接／200点,,令和8年度参考。一般選抜は5:5。特色選抜は30%以内。 検査は面接・作文。,7,school_detail_confirmed,True
yaeno-ls,八重山農林,やえやまのうりん,沖縄県立八重山農林高等学校,ライフスキル科,,全日制,宮古・八重山,令和8年度,previous_reference,40,12,30,5:5,standard_5_5,True,中学校等を卒業見込みで、志望校・学科が示す求める生徒像と出願要件を満たす者,専門分野の活動／部活動・文化活動／資格／特別活動・地域活動／当該年度の公式ランク表を確認できず,学校指定の面接／200点,,令和8年度参考。一般選抜は5:5。特色選抜は30%以内。 検査は面接・作文。,7,school_detail_confirmed,True
gushikawa-f,具志川,ぐしかわ,沖縄県立具志川高等学校,普通科,,全日制,中部,令和8年度,previous_reference,240,60,25,4.5:5.5,exam_emphasis_4_5_5_5,True,中学校等を卒業見込みで、志望校・学科が示す求める生徒像と出願要件を満たす者,スポーツ／文化／資格／校内活動／社会活動／学校別実績表あり,学校が示す受検案内に基づく面接,,令和8年度参考。一般選抜は4.5:5.5。特色選抜は25%以内。 検査は面接。,9,school_detail_confirmed,True
gushisho-ob,具志川商業,ぐしかわしょうぎょう,沖縄県立具志川商業高等学校,オフィスビジネス科,,全日制,中部,令和8年度,previous_reference,40,14,35,5:5,standard_5_5,True,3年間の評定平均3.0以上／活動実績1件、または特別枠の指定活動条件に該当すること,部活動・文化活動／商業資格・検定／特別活動・社会活動／学校別実績表あり,個人面接／10分程度／40点,個人面接,令和8年度参考。一般選抜は5:5。特色選抜は35%以内。 検査は面接・実技・個人面接。,8,school_detail_confirmed,True
gushisho-bm,具志川商業,ぐしかわしょうぎょう,沖縄県立具志川商業高等学校,ビジネスマルチメディア科,,全日制,中部,令和8年度,previous_reference,40,14,35,5:5,standard_5_5,True,3年間の評定平均3.0以上／活動実績1件、または特別枠の指定活動条件に該当すること,部活動・文化活動／商業資格・検定／特別活動・社会活動／学校別実績表あり,個人面接／10分程度／40点,個人面接,令和8年度参考。一般選抜は5:5。特色選抜は35%以内。 検査は面接・実技・個人面接。,8,school_detail_confirmed,True
gushisho-rk,具志川商業,ぐしかわしょうぎょう,沖縄県立具志川商業高等学校,リゾート観光科,,全日制,中部,令和8年度,previous_reference,40,14,35,5:5,standard_5_5,True,3年間の評定平均3.0以上／活動実績1件、または特別枠の指定活動条件に該当すること,部活動・文化活動／商業資格・検定／特別活動・社会活動／学校別実績表あり,個人面接／10分程度／40点,個人面接,令和8年度参考。一般選抜は5:5。特色選抜は35%以内。 検査は面接・実技・個人面接。,8,school_detail_confirmed,True
gushisho-js,具志川商業,ぐしかわしょうぎょう,沖縄県立具志川商業高等学校,情報システム科,,全日制,中部,令和8年度,previous_reference,80,28,35,5:5,standard_5_5,True,3年間の評定平均3.0以上／活動実績1件、または特別枠の指定活動条件に該当すること,部活動・文化活動／商業資格・検定／特別活動・社会活動／学校別実績表あり,個人面接／10分程度／40点,個人面接,令和8年度参考。一般選抜は5:5。特色選抜は35%以内。 検査は面接・実技・個人面接。,8,school_detail_confirmed,True
maehara-br,前原,まえはら,沖縄県立前原高等学校,普通科,文理,全日制,中部,令和8年度,previous_reference,240,60,25,5:5,standard_5_5,True,文理コースでの学習に強い意欲があり、学校資料の評定・出欠要件を満たすこと,学校別実績表あり,コース別面接,,令和8年度参考。一般選抜は5:5。特色選抜は25%以内。 検査は面接。,8,school_detail_confirmed,True
maehara-sp,前原,まえはら,沖縄県立前原高等学校,普通科,総合スポーツ,全日制,中部,令和8年度,previous_reference,40,10,25,5:5,standard_5_5,True,評定平均3.0以上／評定1がないこと／無届欠席3年間合計3日以内／欠席3年間合計30日以内,学校別実績表あり,コース別面接,,令和8年度参考。一般選抜は5:5。特色選抜は25%以内。 検査は面接・実技。,8,school_detail_confirmed,True
maehara-en,前原,まえはら,沖縄県立前原高等学校,普通科,英語,全日制,中部,令和8年度,previous_reference,40,10,25,5:5,standard_5_5,True,英語コースの学習に強い意欲があり、学校資料の評定・出欠要件を満たすこと,学校別実績表あり,コース別面接,,令和8年度参考。一般選抜は5:5。特色選抜は25%以内。 検査は面接・学校独自検査。,8,school_detail_confirmed,True
kitanaka-f,北中城,きたなかぐすく,沖縄県立北中城高等学校,普通科,,全日制,中部,令和8年度,previous_reference,280,56,20,5:5,standard_5_5,True,中学校等を卒業見込みで、志望校・学科が示す求める生徒像と出願要件を満たす者,特別活動／部活動・文化活動／資格／社会活動／学校別実績表あり,個人面接（目安10分）／20点,,令和8年度参考。一般選抜は5:5。特色選抜は20%以内。 検査は面接。,8,school_detail_confirmed,True
hokuzan-f,北山,ほくざん,沖縄県立北山高等学校,普通科,,全日制,北部,令和8年度,previous_reference,80,20,25,5:5,standard_5_5,True,通常枠は学校の求める生徒像と活動実績基準を満たすこと／特別枠は5教科評定平均3.0以上かつAランク相当の実績が必要,文化・スポーツ／資格／生徒会・社会活動／学校別実績表あり,個人面接（目安10分）／35点,,令和8年度参考。一般選抜は5:5。特色選抜は25%以内。 検査は面接。,7,school_detail_confirmed,True
hokuzan-ri,北山,ほくざん,沖縄県立北山高等学校,理数科,,全日制,北部,令和8年度,previous_reference,40,14,35,5:5,standard_5_5,True,理数分野への高い関心と学校資料の出願要件を満たすこと,文化・スポーツ／資格／生徒会・社会活動／学校別実績表あり,個人面接（目安10分）／35点,面接／口頭試問,令和8年度参考。一般選抜は5:5。特色選抜は35%以内。 検査は面接・学校独自検査・口頭試問。,7,school_detail_confirmed,True
chatan-f,北谷,ちゃたん,沖縄県立北谷高等学校,普通科,,全日制,中部,令和8年度,previous_reference,280,56,20,5:5,standard_5_5,True,評定平均3.0以上／各学年の無届欠席5日以内,生徒会・学級活動／部活動・文化活動／資格／地域活動／当該年度の公式ランク表を確認できず,学校指定の面接／35点,,令和8年度参考。一般選抜は5:5。特色選抜は20%以内。 検査は面接。,7,school_detail_confirmed,True
hokuno-agritech,北部農林,ほくぶのうりん,沖縄県立北部農林高等学校,アグリテクノ科,,全日制,北部,令和8年度,previous_reference,40,16,40,5:5,standard_5_5,True,中学校等を卒業見込みで、志望校・学科が示す求める生徒像と出願要件を満たす者,専門分野の活動／特別活動／部活動・文化活動／資格／地域活動／学校別実績表あり,学科別の面接・プレゼンテーション等／250点,,令和8年度参考。一般選抜は5:5。特色選抜は40%以内。 検査は面接。,9,school_detail_confirmed,True
hokuno-life-create,北部農林,ほくぶのうりん,沖縄県立北部農林高等学校,ライフ創造科,,全日制,北部,令和8年度,previous_reference,40,16,40,5:5,standard_5_5,True,中学校等を卒業見込みで、志望校・学科が示す求める生徒像と出願要件を満たす者,専門分野の活動／特別活動／部活動・文化活動／資格／地域活動／学校別実績表あり,学科別の面接・プレゼンテーション等／250点,,令和8年度参考。一般選抜は5:5。特色選抜は40%以内。 検査は面接。,9,school_detail_confirmed,True
hokuno-resource-design,北部農林,ほくぶのうりん,沖縄県立北部農林高等学校,地域資源デザイン科,,全日制,北部,令和8年度,previous_reference,40,16,40,5:5,standard_5_5,True,中学校等を卒業見込みで、志望校・学科が示す求める生徒像と出願要件を満たす者,専門分野の活動／特別活動／部活動・文化活動／資格／地域活動／学校別実績表あり,学科別の面接・プレゼンテーション等／250点,,令和8年度参考。一般選抜は5:5。特色選抜は40%以内。 検査は面接。,9,school_detail_confirmed,True
hokuno-food-create,北部農林,ほくぶのうりん,沖縄県立北部農林高等学校,食品クリエイト科,,全日制,北部,令和8年度,previous_reference,40,16,40,5:5,standard_5_5,True,中学校等を卒業見込みで、志望校・学科が示す求める生徒像と出願要件を満たす者,専門分野の活動／特別活動／部活動・文化活動／資格／地域活動／学校別実績表あり,学科別の面接・プレゼンテーション等／250点,,令和8年度参考。一般選抜は5:5。特色選抜は40%以内。 検査は面接。,9,school_detail_confirmed,True
hokuno-night-agri,北部農林,ほくぶのうりん,沖縄県立北部農林高等学校,農業科,,定時制,北部,令和8年度,previous_reference,40,16,40,5:5,standard_5_5,True,中学校等を卒業見込みで、志望校・学科が示す求める生徒像と出願要件を満たす者,専門分野の活動／特別活動／部活動・文化活動／資格／地域活動／学校別実績表あり,学科別の面接・プレゼンテーション等／250点,,令和8年度参考。一般選抜は5:5。特色選抜は40%以内。 検査は面接。,9,school_detail_confirmed,True
nanbusho-office,南部商業,なんぶしょうぎょう,沖縄県立南部商業高等学校,オフィスクリエイト科,,全日制,南部,令和8年度,previous_reference,40,18,45,5:5,standard_5_5,True,3年間の評定平均3.0以上,商業資格・検定／部活動・文化活動／特別活動・地域活動／学校別実績表あり,個人面接／10分程度／50点,プレゼンテーション／個人面接,令和8年度参考。一般選抜は5:5。特色選抜は45%以内。 検査は面接・プレゼン・プレゼンテーション・個人面接。,9,school_detail_confirmed,True
nanbusho-digi,南部商業,なんぶしょうぎょう,沖縄県立南部商業高等学校,デジタルクリエイト科,,全日制,南部,令和8年度,previous_reference,40,18,45,5:5,standard_5_5,True,3年間の評定平均3.0以上,商業資格・検定／部活動・文化活動／特別活動・地域活動／学校別実績表あり,個人面接／10分程度／50点,プレゼンテーション／個人面接,令和8年度参考。一般選抜は5:5。特色選抜は45%以内。 検査は面接・プレゼン・プレゼンテーション・個人面接。,9,school_detail_confirmed,True
nanbusho-ryu,南部商業,なんぶしょうぎょう,沖縄県立南部商業高等学校,流通クリエイト科,,全日制,南部,令和8年度,previous_reference,40,18,45,5:5,standard_5_5,True,3年間の評定平均3.0以上,商業資格・検定／部活動・文化活動／特別活動・地域活動／学校別実績表あり,個人面接／10分程度／50点,プレゼンテーション／個人面接,令和8年度参考。一般選抜は5:5。特色選抜は45%以内。 検査は面接・プレゼン・プレゼンテーション・個人面接。,9,school_detail_confirmed,True
nanbusho-kanko,南部商業,なんぶしょうぎょう,沖縄県立南部商業高等学校,観光クリエイト科,,全日制,南部,令和8年度,previous_reference,40,18,45,5:5,standard_5_5,True,3年間の評定平均3.0以上,商業資格・検定／部活動・文化活動／特別活動・地域活動／学校別実績表あり,個人面接／10分程度／50点,プレゼンテーション／個人面接,令和8年度参考。一般選抜は5:5。特色選抜は45%以内。 検査は面接・プレゼン・プレゼンテーション・個人面接。,9,school_detail_confirmed,True
nanbuko-kd,南部工業,なんぶこうぎょう,沖縄県立南部工業高等学校,建築設備科,建築デザイン,全日制,南部,令和8年度,previous_reference,20,6,30,5:5,standard_5_5,True,3年間の評定平均2.0以上,専門分野の活動／部活動・文化活動／資格／特別活動／当該年度の公式ランク表を確認できず,個人面接／10分程度／20点,作文／個人面接,令和8年度参考。一般選抜は5:5。特色選抜は30%以内。 検査は面接・作文・個人面接。,8,school_detail_confirmed,True
nanbuko-sg,南部工業,なんぶこうぎょう,沖縄県立南部工業高等学校,建築設備科,設備工学,全日制,南部,令和8年度,previous_reference,20,6,30,5:5,standard_5_5,True,3年間の評定平均2.0以上,専門分野の活動／部活動・文化活動／資格／特別活動／当該年度の公式ランク表を確認できず,個人面接／10分程度／20点,作文／個人面接,令和8年度参考。一般選抜は5:5。特色選抜は30%以内。 検査は面接・作文・個人面接。,8,school_detail_confirmed,True
nanbuko-ki,南部工業,なんぶこうぎょう,沖縄県立南部工業高等学校,機械科,,全日制,南部,令和8年度,previous_reference,40,12,30,5:5,standard_5_5,True,3年間の評定平均2.0以上,専門分野の活動／部活動・文化活動／資格／特別活動／当該年度の公式ランク表を確認できず,個人面接／10分程度／20点,作文／個人面接,令和8年度参考。一般選抜は5:5。特色選抜は30%以内。 検査は面接・作文・個人面接。,8,school_detail_confirmed,True
nanbuko-de,南部工業,なんぶこうぎょう,沖縄県立南部工業高等学校,電気科,,全日制,南部,令和8年度,previous_reference,40,12,30,5:5,standard_5_5,True,3年間の評定平均2.0以上,専門分野の活動／部活動・文化活動／資格／特別活動／当該年度の公式ランク表を確認できず,個人面接／10分程度／20点,作文／個人面接,令和8年度参考。一般選抜は5:5。特色選抜は30%以内。 検査は面接・作文・個人面接。,8,school_detail_confirmed,True
nanbuno-ks,南部農林,なんぶのうりん,沖縄県立南部農林高等学校,環境創造科,,全日制,南部,令和8年度,previous_reference,40,12,30,5:5,standard_5_5,True,評定平均3.0以上／中学3年に評定1がないこと／無届欠席3年間合計10日以内,特別活動／部活動・文化活動／資格／地域・社会活動／学校別実績表あり,学校指定の面接／50点,,令和8年度参考。一般選抜は5:5。特色選抜は30%以内。 検査は面接。,9,school_detail_confirmed,True
nanbuno-sd,南部農林,なんぶのうりん,沖縄県立南部農林高等学校,生活デザイン科,,全日制,南部,令和8年度,previous_reference,40,12,30,5:5,standard_5_5,True,評定平均3.0以上／中学3年に評定1がないこと／無届欠席3年間合計10日以内,特別活動／部活動・文化活動／資格／地域・社会活動／学校別実績表あり,学校指定の面接／50点,,令和8年度参考。一般選抜は5:5。特色選抜は30%以内。 検査は面接。,9,school_detail_confirmed,True
nanbuno-sb,南部農林,なんぶのうりん,沖縄県立南部農林高等学校,生物資源科,,全日制,南部,令和8年度,previous_reference,40,12,30,5:5,standard_5_5,True,評定平均3.0以上／中学3年に評定1がないこと／無届欠席3年間合計10日以内,特別活動／部活動・文化活動／資格／地域・社会活動／学校別実績表あり,学校指定の面接／50点,,令和8年度参考。一般選抜は5:5。特色選抜は30%以内。 検査は面接。,9,school_detail_confirmed,True
nanbuno-sk,南部農林,なんぶのうりん,沖縄県立南部農林高等学校,食品加工科,,全日制,南部,令和8年度,previous_reference,40,12,30,5:5,standard_5_5,True,評定平均3.0以上／中学3年に評定1がないこと／無届欠席3年間合計10日以内,特別活動／部活動・文化活動／資格／地域・社会活動／学校別実績表あり,学校指定の面接／50点,,令和8年度参考。一般選抜は5:5。特色選抜は30%以内。 検査は面接。,9,school_detail_confirmed,True
nanbuno-ss,南部農林,なんぶのうりん,沖縄県立南部農林高等学校,食料生産科,,全日制,南部,令和8年度,previous_reference,40,12,30,5:5,standard_5_5,True,評定平均3.0以上／中学3年に評定1がないこと／無届欠席3年間合計10日以内,特別活動／部活動・文化活動／資格／地域・社会活動／学校別実績表あり,学校指定の面接／50点,,令和8年度参考。一般選抜は5:5。特色選抜は30%以内。 検査は面接。,9,school_detail_confirmed,True
haebaru-biz,南風原,はえばる,沖縄県立南風原高等学校,普通科,教養ビジネス,全日制,南部,令和8年度,previous_reference,80,16,20,5:5,standard_5_5,True,評定平均3.0以上／無届欠席3年間合計10日以内,文化・スポーツ／資格／特別活動・地域活動／学校別実績表あり,学校指定の面接,,令和8年度参考。一般選抜は5:5。特色選抜は20%以内。 検査は面接。,8,school_detail_confirmed,True
haebaru-fs,南風原,はえばる,沖縄県立南風原高等学校,普通科,普通総合,全日制,南部,令和8年度,previous_reference,200,40,20,5:5,standard_5_5,True,評定平均3.0以上／無届欠席3年間合計10日以内,文化・スポーツ／資格／特別活動・地域活動／学校別実績表あり,学校指定の面接,,令和8年度参考。一般選抜は5:5。特色選抜は20%以内。 検査は面接。,8,school_detail_confirmed,True
haebaru-kyodo,南風原,はえばる,沖縄県立南風原高等学校,普通科,郷土文化,全日制,南部,令和8年度,previous_reference,40,10,25,5:5,standard_5_5,True,評定平均3.0以上／無届欠席3年間合計10日以内,文化・スポーツ／資格／特別活動・地域活動／学校別実績表あり,学校指定の面接,,令和8年度参考。一般選抜は5:5。特色選抜は25%以内。 検査は面接・実技。,8,school_detail_confirmed,True
nago-fr,名護,なご,沖縄県立名護高等学校,フロンティア科,,全日制,北部,令和8年度,previous_reference,80,20,25,4.5:5.5,exam_emphasis_4_5_5_5,True,3年間の評定平均4.3以上／行動・出席状況が良好／文化・スポーツ・社会活動・資格等でDランク以上の実績を1つ以上有すること,文化／スポーツ／社会活動・ボランティア／資格／学校別実績表あり,学校指定の面接,,令和8年度参考。一般選抜は4.5:5.5。特色選抜は25%以内。 検査は面接。,7,school_detail_confirmed,True
nago-f,名護,なご,沖縄県立名護高等学校,普通科,,全日制,北部,令和8年度,previous_reference,240,60,25,4.5:5.5,exam_emphasis_4_5_5_5,True,3年間の評定平均4.0以上／行動・出席状況が良好／文化・スポーツ・社会活動・資格等でDランク以上の実績を1つ以上有すること,文化／スポーツ／社会活動・ボランティア／資格／学校別実績表あり,学校指定の面接,,令和8年度参考。一般選抜は4.5:5.5。特色選抜は25%以内。 検査は面接。,7,school_detail_confirmed,True
nagosho-sh,名護商工,なごしょうこう,沖縄県立名護商工高等学校,商業科,,全日制,北部,令和8年度,previous_reference,40,16,40,5:5,standard_5_5,True,中学校等を卒業見込みで、志望校・学科が示す求める生徒像と出願要件を満たす者,専門分野の活動／部活動・文化活動／資格／特別活動／学校別実績表あり,個人面接／15分程度,個人面接,令和8年度参考。一般選抜は5:5。特色選抜は40%以内。 検査は面接・個人面接。,10,school_detail_confirmed,True
nagosho-cs,名護商工,なごしょうこう,沖縄県立名護商工高等学校,地域産業科,,全日制,北部,令和8年度,previous_reference,40,16,40,5:5,standard_5_5,True,中学校等を卒業見込みで、志望校・学科が示す求める生徒像と出願要件を満たす者,専門分野の活動／部活動・文化活動／資格／特別活動／学校別実績表あり,個人面接／15分程度,個人面接,令和8年度参考。一般選抜は5:5。特色選抜は40%以内。 検査は面接・個人面接。,10,school_detail_confirmed,True
nagosho-km,名護商工,なごしょうこう,沖縄県立名護商工高等学校,工業技術科,機械,全日制,北部,令和8年度,previous_reference,20,8,40,5:5,standard_5_5,True,中学校等を卒業見込みで、志望校・学科が示す求める生徒像と出願要件を満たす者,専門分野の活動／部活動・文化活動／資格／特別活動／学校別実績表あり,個人面接／15分程度,個人面接,令和8年度参考。一般選抜は5:5。特色選抜は40%以内。 検査は面接・個人面接。,10,school_detail_confirmed,True
nagosho-kd,名護商工,なごしょうこう,沖縄県立名護商工高等学校,工業技術科,電気,全日制,北部,令和8年度,previous_reference,20,8,40,5:5,standard_5_5,True,中学校等を卒業見込みで、志望校・学科が示す求める生徒像と出願要件を満たす者,専門分野の活動／部活動・文化活動／資格／特別活動／学校別実績表あり,個人面接／15分程度,個人面接,令和8年度参考。一般選抜は5:5。特色選抜は40%以内。 検査は面接・個人面接。,10,school_detail_confirmed,True
nagosho-ke,名護商工,なごしょうこう,沖縄県立名護商工高等学校,建築科,,全日制,北部,令和8年度,previous_reference,40,16,40,5:5,standard_5_5,True,中学校等を卒業見込みで、志望校・学科が示す求める生徒像と出願要件を満たす者,専門分野の活動／部活動・文化活動／資格／特別活動／学校別実績表あり,個人面接／15分程度,個人面接,令和8年度参考。一般選抜は5:5。特色選抜は40%以内。 検査は面接・個人面接。,10,school_detail_confirmed,True
nagosho-sj,名護商工,なごしょうこう,沖縄県立名護商工高等学校,総合情報科,,全日制,北部,令和8年度,previous_reference,40,16,40,5:5,standard_5_5,True,中学校等を卒業見込みで、志望校・学科が示す求める生徒像と出願要件を満たす者,専門分野の活動／部活動・文化活動／資格／特別活動／学校別実績表あり,個人面接／15分程度,個人面接,令和8年度参考。一般選抜は5:5。特色選抜は40%以内。 検査は面接・個人面接。,10,school_detail_confirmed,True
koyo-kb,向陽,こうよう,沖縄県立向陽高等学校,国際文科,,全日制,南部,令和8年度,previous_reference,80,36,45,4:6,exam_emphasis_4_6,True,英語の3年間評定平均4.0以上／全教科の3年間評定平均4.0以上／活動実績1件を証明できること,文化／スポーツ／社会活動／ボランティア／資格／学校別実績表あり,1分間スピーチを含む個人面接／個人面接内／5点,1分間スピーチ・面接,令和8年度参考。一般選抜は4:6。特色選抜は45%以内。 検査は面接・1分間スピーチ・面接。,9,school_detail_confirmed,True
koyo-f,向陽,こうよう,沖縄県立向陽高等学校,普通科,,全日制,南部,令和8年度,previous_reference,80,20,25,4:6,exam_emphasis_4_6,True,全教科の3年間評定平均4.0以上／活動実績1件を証明できること,文化／スポーツ／社会活動／ボランティア／資格／学校別実績表あり,1分間スピーチを含む個人面接／個人面接内／5点,1分間スピーチ・面接,令和8年度参考。一般選抜は4:6。特色選抜は25%以内。 検査は面接・1分間スピーチ・面接。,9,school_detail_confirmed,True
koyo-ri,向陽,こうよう,沖縄県立向陽高等学校,理数科,,全日制,南部,令和8年度,previous_reference,80,36,45,4:6,exam_emphasis_4_6,True,数学・理科それぞれの3年間評定平均4.0以上／全教科の3年間評定平均4.0以上／活動実績1件を証明できること,文化／スポーツ／社会活動／ボランティア／資格／学校別実績表あり,1分間スピーチを含む個人面接／個人面接内／5点,1分間スピーチ・面接,令和8年度参考。一般選抜は4:6。特色選抜は45%以内。 検査は面接・1分間スピーチ・面接。,9,school_detail_confirmed,True
kadena-ca,嘉手納,かでな,沖縄県立嘉手納高等学校,総合学科,キャリアアップ,全日制,中部,令和8年度,previous_reference,15,3,20,5:5,standard_5_5,True,評定平均3.0以上／学校資料の欠席・活動要件を満たすこと,学習・資格／部活動・文化活動／生徒会・地域活動／学校別実績表あり,個人面接／40点,,令和8年度参考。一般選抜は5:5。特色選抜は20%以内。 検査は面接。,9,school_detail_confirmed,True
kadena-dd,嘉手納,かでな,沖縄県立嘉手納高等学校,総合学科,ドリームデザイン,全日制,中部,令和8年度,previous_reference,185,37,20,5:5,standard_5_5,True,評定平均2.8以上／学校資料の欠席・活動要件を満たすこと,学習・資格／部活動・文化活動／生徒会・地域活動／学校別実績表あり,個人面接／40点,,令和8年度参考。一般選抜は5:5。特色選抜は20%以内。 検査は面接。,9,school_detail_confirmed,True
ginoza-f,宜野座,ぎのざ,沖縄県立宜野座高等学校,普通科,,全日制,北部,令和8年度,previous_reference,120,30,25,5:5,standard_5_5,True,中学校等を卒業見込みで、志望校・学科が示す求める生徒像と出願要件を満たす者,特別活動／部活動／資格／社会・地域活動／当該年度の公式ランク表を確認できず,活動実績等の説明を含む面接,,令和8年度参考。一般選抜は5:5。特色選抜は25%以内。 検査は面接・プレゼン。,7,school_detail_confirmed,True
ginowan-spo,宜野湾,ぎのわん,沖縄県立宜野湾高等学校,普通科,スポーツ・健康,全日制,中部,令和8年度,previous_reference,40,10,25,5:5,standard_5_5,True,3年間の評定平均3.0以上（評定合計81以上）／評定1がない／各学年の無届欠席5日以下／3年間の無届欠席10日以下／3年間の全欠席15日以下,学習・資格／文化・スポーツ／生徒会・社会活動／学校別実績表あり,個人面接／5分程度／10点,個人面接／実技検査,令和8年度参考。一般選抜は5:5。特色選抜は25%以内。 検査は面接・実技・個人面接・実技検査。,9,school_detail_confirmed,True
ginowan-joho,宜野湾,ぎのわん,沖縄県立宜野湾高等学校,普通科,情報処理,全日制,中部,令和8年度,previous_reference,40,10,25,5:5,standard_5_5,True,3年間の評定平均3.3以上（評定合計90以上）／評定1がない／各学年の無届欠席5日以下／3年間の無届欠席10日以下／3年間の全欠席15日以下,学習・資格／文化・スポーツ／生徒会・社会活動／学校別実績表あり,個人面接／5分程度／10点,個人面接,令和8年度参考。一般選抜は5:5。特色選抜は25%以内。 検査は面接・個人面接。,9,school_detail_confirmed,True
ginowan-f,宜野湾,ぎのわん,沖縄県立宜野湾高等学校,普通科,普通,全日制,中部,令和8年度,previous_reference,160,40,25,5:5,standard_5_5,True,3年間の評定平均3.5以上（評定合計95以上）／評定1がない／各学年の無届欠席5日以下／3年間の無届欠席10日以下／3年間の全欠席15日以下,学習・資格／文化・スポーツ／生徒会・社会活動／学校別実績表あり,個人面接／5分程度／10点,個人面接,令和8年度参考。一般選抜は5:5。特色選抜は25%以内。 検査は面接・個人面接。,9,school_detail_confirmed,True
miyako-br,宮古,みやこ,沖縄県立宮古高等学校,文理探究科,,全日制,宮古・八重山,令和8年度,previous_reference,80,32,40,4.5:5.5,exam_emphasis_4_5_5_5,True,評定平均4.0以上／活動実績1件を証明できること,文化／スポーツ／社会活動／ボランティア／資格／当該年度の公式ランク表を確認できず,個人面接（目安10分）／50点,,令和8年度参考。一般選抜は4.5:5.5。特色選抜は40%以内。 検査は面接。,9,school_detail_confirmed,True
miyako-f,宮古,みやこ,沖縄県立宮古高等学校,普通科,,全日制,宮古・八重山,令和8年度,previous_reference,160,32,20,4.5:5.5,exam_emphasis_4_5_5_5,True,評定平均3.4以上／活動実績1件を証明できること,文化／スポーツ／社会活動／ボランティア／資格／当該年度の公式ランク表を確認できず,個人面接（目安10分）／50点,,令和8年度参考。一般選抜は4.5:5.5。特色選抜は20%以内。 検査は面接。,9,school_detail_confirmed,True
miyakoko-sj,宮古工業,みやここうぎょう,沖縄県立宮古工業高等学校,生活情報科,,全日制,宮古・八重山,令和8年度,previous_reference,40,16,40,5:5,standard_5_5,True,中学校等を卒業見込みで、志望校・学科が示す求める生徒像と出願要件を満たす者,専門分野の活動／部活動・文化活動／資格／特別活動／当該年度の公式ランク表を確認できず,個人面接／10分程度／50点,個人面接,令和8年度参考。一般選抜は5:5。特色選抜は40%以内。 検査は面接・学校独自検査・個人面接。,8,school_detail_confirmed,True
miyakoko-jm,宮古工業,みやここうぎょう,沖縄県立宮古工業高等学校,自動車機械システム科,,全日制,宮古・八重山,令和8年度,previous_reference,40,16,40,5:5,standard_5_5,True,中学校等を卒業見込みで、志望校・学科が示す求める生徒像と出願要件を満たす者,専門分野の活動／部活動・文化活動／資格／特別活動／当該年度の公式ランク表を確認できず,個人面接／10分程度／50点,個人面接,令和8年度参考。一般選抜は5:5。特色選抜は40%以内。 検査は面接・学校独自検査・個人面接。,8,school_detail_confirmed,True
miyakoko-dj,宮古工業,みやここうぎょう,沖縄県立宮古工業高等学校,電気情報科,,全日制,宮古・八重山,令和8年度,previous_reference,40,16,40,5:5,standard_5_5,True,中学校等を卒業見込みで、志望校・学科が示す求める生徒像と出願要件を満たす者,専門分野の活動／部活動・文化活動／資格／特別活動／当該年度の公式ランク表を確認できず,個人面接／10分程度／50点,個人面接,令和8年度参考。一般選抜は5:5。特色選抜は40%以内。 検査は面接・学校独自検査・個人面接。,8,school_detail_confirmed,True
miyasou-sh,宮古総合実業,みやこそうごうじつぎょう,沖縄県立宮古総合実業高等学校,商業科,,全日制,宮古・八重山,令和8年度,previous_reference,40,12,30,5:5,standard_5_5,True,評定平均3.0以上／評定1がないこと／欠席3年間合計20日以内,専門分野の活動／部活動・文化活動／資格／特別活動・地域活動／学校別実績表あり,個人面接（目安10分）／100点,,令和8年度参考。一般選抜は5:5。特色選抜は30%以内。 検査は面接。,9,school_detail_confirmed,True
miyasou-kk,宮古総合実業,みやこそうごうじつぎょう,沖縄県立宮古総合実業高等学校,海洋科学科,,全日制,宮古・八重山,令和8年度,previous_reference,40,16,40,5:5,standard_5_5,True,評定平均3.0以上／評定1がないこと／各学年の無届欠席5日以内,専門分野の活動／部活動・文化活動／資格／特別活動・地域活動／学校別実績表あり,個人面接（目安15分。地域の農業・環境に関する質問と1分自己PR）／100点,,令和8年度参考。一般選抜は5:5。特色選抜は40%以内。 検査は面接。,9,school_detail_confirmed,True
miyasou-sf,宮古総合実業,みやこそうごうじつぎょう,沖縄県立宮古総合実業高等学校,生活福祉科,,全日制,宮古・八重山,令和8年度,previous_reference,40,12,30,5:5,standard_5_5,True,海洋科学科の学校資料に定める評定・出欠要件を満たすこと,専門分野の活動／部活動・文化活動／資格／特別活動・地域活動／学校別実績表あり,学科別面接／100点,,令和8年度参考。一般選抜は5:5。特色選抜は30%以内。 検査は面接。,9,school_detail_confirmed,True
miyasou-sb,宮古総合実業,みやこそうごうじつぎょう,沖縄県立宮古総合実業高等学校,生物生産科,,全日制,宮古・八重山,令和8年度,previous_reference,40,12,30,5:5,standard_5_5,True,評定平均3.0以上／各学年に評定1がないこと／各学年の無届欠席5日以内,専門分野の活動／部活動・文化活動／資格／特別活動・地域活動／学校別実績表あり,個人面接／50点,,令和8年度参考。一般選抜は5:5。特色選抜は30%以内。 検査は面接・作文。,9,school_detail_confirmed,True
miyasou-fc,宮古総合実業,みやこそうごうじつぎょう,沖縄県立宮古総合実業高等学校,食と環境科,フードクリエイト,全日制,宮古・八重山,令和8年度,previous_reference,20,8,40,5:5,standard_5_5,True,評定平均3.5以上／評定1がないこと／各学年の無届欠席5日以内,専門分野の活動／部活動・文化活動／資格／特別活動・地域活動／学校別実績表あり,個人面接（20～25分、魚の基礎的な調理知識を含む）／100点,,令和8年度参考。一般選抜は5:5。特色選抜は40%以内。 検査は面接。,9,school_detail_confirmed,True
miyasou-kc,宮古総合実業,みやこそうごうじつぎょう,沖縄県立宮古総合実業高等学校,食と環境科,環境クリエイト,全日制,宮古・八重山,令和8年度,previous_reference,20,8,40,5:5,standard_5_5,True,評定平均3.5以上／評定1がないこと／各学年の無届欠席5日以内,専門分野の活動／部活動・文化活動／資格／特別活動・地域活動／学校別実績表あり,集団面接・討論（2～4人、10～20分）／100点,,令和8年度参考。一般選抜は5:5。特色選抜は40%以内。 検査は面接。,9,school_detail_confirmed,True
oroku-biz,小禄,おろく,沖縄県立小禄高等学校,普通科,情報ビジネス,全日制,南部,令和8年度,previous_reference,40,10,25,5:5,standard_5_5,True,通常枠は評定平均3.2以上／特別枠は評定平均2.8以上,特別活動／部活動・文化活動／資格／社会活動／当該年度の公式ランク表を確認できず,個人面接（目安5分）,,令和8年度参考。一般選抜は5:5。特色選抜は25%以内。 検査は面接。,8,school_detail_confirmed,True
oroku-f,小禄,おろく,沖縄県立小禄高等学校,普通科,普通,全日制,南部,令和8年度,previous_reference,280,70,25,5:5,standard_5_5,True,通常枠は評定平均3.2以上／特別枠は評定平均2.8以上,特別活動／部活動・文化活動／資格／社会活動／当該年度の公式ランク表を確認できず,個人面接（目安5分）,,令和8年度参考。一般選抜は5:5。特色選抜は25%以内。 検査は面接。,8,school_detail_confirmed,True
oroku-gei,小禄,おろく,沖縄県立小禄高等学校,普通科,芸術教養,全日制,南部,令和8年度,previous_reference,40,10,25,5:5,standard_5_5,True,美術または音楽の評定平均4.0以上／学校資料の出欠・活動要件を満たすこと,特別活動／部活動・文化活動／資格／社会活動／当該年度の公式ランク表を確認できず,個人面接（目安5分）,,令和8年度参考。一般選抜は5:5。特色選抜は25%以内。 検査は面接・実技。,8,school_detail_confirmed,True
futenma-f,普天間,ふてんま,沖縄県立普天間高等学校,普通科,,全日制,中部,令和8年度,previous_reference,360,90,25,4.5:5.5,exam_emphasis_4_5_5_5,True,3年間の評定合計100以上／評定1がないこと／学校の実績ランク基準を満たす活動・資格を有すること,スポーツ／文化／資格／生徒会・社会活動／学校別実績表あり,個人面接（目安5分）／15点,,令和8年度参考。一般選抜は4.5:5.5。特色選抜は25%以内。 検査は面接。,7,school_detail_confirmed,True
motobu-sf,本部,もとぶ,沖縄県立本部高等学校,普通科,スポーツ・保育福祉,全日制,北部,令和8年度,previous_reference,40,8,20,5:5,standard_5_5,True,中学校等を卒業見込みで、志望校・学科が示す求める生徒像と出願要件を満たす者,生徒会・学級活動／探究・研究／部活動・文化活動／資格／ボランティア／学校別実績表あり,個人面接（面接官2人、目安15分）／100点,,令和8年度参考。一般選抜は5:5。特色選抜は20%以内。 検査は面接。,9,school_detail_confirmed,True
motobu-sj,本部,もとぶ,沖縄県立本部高等学校,普通科,進学・情報,全日制,北部,令和8年度,previous_reference,40,8,20,5:5,standard_5_5,True,中学校等を卒業見込みで、志望校・学科が示す求める生徒像と出願要件を満たす者,生徒会・学級活動／探究・研究／部活動・文化活動／資格／ボランティア／学校別実績表あり,個人面接（面接官2人、目安15分）／100点,,令和8年度参考。一般選抜は5:5。特色選抜は20%以内。 検査は面接。,9,school_detail_confirmed,True
okiko-doboku,沖縄工業,おきなわこうぎょう,沖縄県立沖縄工業高等学校,土木科,,全日制,南部,令和8年度,previous_reference,40,12,30,5:5,standard_5_5,True,評定平均3.0以上／3年間の欠席日数10日以下,生徒会・学級活動・学校行事等／文化・社会・ボランティア活動／部活動／資格取得／学校別実績表あり,個人面接（1人15分程度、受検生1名に教職員2名）／30点,独自検査／面接,令和8年度参考。一般選抜は5:5。特色選抜は30%以内。 検査は面接・作文・学校独自検査・独自検査。,11,school_detail_confirmed,True
okiko-kagaku,沖縄工業,おきなわこうぎょう,沖縄県立沖縄工業高等学校,工業化学科,,全日制,南部,令和8年度,previous_reference,40,16,40,5:5,standard_5_5,True,評定平均3.0以上／3年間の欠席日数30日以下,生徒会・学級活動・学校行事等／文化・社会・ボランティア活動／部活動／資格取得／学校別実績表あり,個人面接（1人15分程度、受検生1名に教職員2名）／30点,独自検査／面接,令和8年度参考。一般選抜は5:5。特色選抜は40%以内。 検査は面接・学校独自検査・独自検査。,11,school_detail_confirmed,True
okiko-kenchiku,沖縄工業,おきなわこうぎょう,沖縄県立沖縄工業高等学校,建築科,,全日制,南部,令和8年度,previous_reference,40,12,30,5:5,standard_5_5,True,評定平均3.0以上／3年間の欠席日数10日以下,生徒会・学級活動・学校行事等／文化・社会・ボランティア活動／部活動／資格取得／学校別実績表あり,個人面接（1人15分程度、受検生1名に教職員2名）／30点,独自検査／面接,令和8年度参考。一般選抜は5:5。特色選抜は30%以内。 検査は面接・学校独自検査・独自検査。,11,school_detail_confirmed,True
okiko-johoden,沖縄工業,おきなわこうぎょう,沖縄県立沖縄工業高等学校,情報電子科,,全日制,南部,令和8年度,previous_reference,80,24,30,5:5,standard_5_5,True,評定平均3.3以上／3年間の欠席日数10日以下,生徒会・学級活動・学校行事等／文化・社会・ボランティア活動／部活動／資格取得／学校別実績表あり,個人面接（1人15分程度、受検生1名に教職員2名）／30点,独自検査／面接,令和8年度参考。一般選抜は5:5。特色選抜は30%以内。 検査は面接・学校独自検査・独自検査。,11,school_detail_confirmed,True
okiko-seikatsu,沖縄工業,おきなわこうぎょう,沖縄県立沖縄工業高等学校,生活情報科,,全日制,南部,令和8年度,previous_reference,40,12,30,5:5,standard_5_5,True,評定平均3.0以上／3年間の欠席日数10日以下,生徒会・学級活動・学校行事等／文化・社会・ボランティア活動／部活動／資格取得／学校別実績表あり,個人面接（1人15分程度、受検生1名に教職員2名）／30点,独自検査／面接,令和8年度参考。一般選抜は5:5。特色選抜は30%以内。 検査は面接・作文・学校独自検査・独自検査。,11,school_detail_confirmed,True
okiko-denshiki,沖縄工業,おきなわこうぎょう,沖縄県立沖縄工業高等学校,電子機械科,,全日制,南部,令和8年度,previous_reference,80,24,30,5:5,standard_5_5,True,評定平均3.0以上／3年間の欠席日数10日以下,生徒会・学級活動・学校行事等／文化・社会・ボランティア活動／部活動／資格取得／学校別実績表あり,個人面接（1人15分程度、受検生1名に教職員2名）／30点,独自検査／面接,令和8年度参考。一般選抜は5:5。特色選抜は30%以内。 検査は面接・学校独自検査・独自検査。,11,school_detail_confirmed,True
okisui-ks,沖縄水産,おきなわすいさん,沖縄県立沖縄水産高等学校,海洋サイエンス科,,全日制,南部,令和8年度,previous_reference,40,12,30,5:5,standard_5_5,True,総合学科の学校資料に定める評定・出欠・活動要件を満たすこと,海洋・水産分野の活動／部活動・文化活動／資格／特別活動・社会活動／学校別実績表あり／公式表主要行確認済み・全セル要確認,個人面接／10分程度／50点,個人面接,令和8年度参考。一般選抜は5:5。特色選抜は30%以内。 検査は面接・個人面接。,8,school_detail_partial,True
okisui-kg,沖縄水産,おきなわすいさん,沖縄県立沖縄水産高等学校,海洋技術科,,全日制,南部,令和8年度,previous_reference,40,12,30,5:5,standard_5_5,True,評定平均3.2以上を含む、海洋技術科の学校資料の出願要件を満たすこと,海洋・水産分野の活動／部活動・文化活動／資格／特別活動・社会活動／学校別実績表あり／公式表主要行確認済み・全セル要確認,個人面接／10分程度／50点,個人面接,令和8年度参考。一般選抜は5:5。特色選抜は30%以内。 検査は面接・個人面接。,8,school_detail_partial,True
okisui-sg,沖縄水産,おきなわすいさん,沖縄県立沖縄水産高等学校,総合学科,,全日制,南部,令和8年度,previous_reference,160,48,30,5:5,standard_5_5,True,海洋サイエンス科の学校資料に定める評定・出欠・活動要件を満たすこと,海洋・水産分野の活動／部活動・文化活動／資格／特別活動・社会活動／学校別実績表あり／公式表主要行確認済み・全セル要確認,個人面接／10分程度／50点,個人面接,令和8年度参考。一般選抜は5:5。特色選抜は30%以内。 検査は面接・個人面接。,8,school_detail_partial,True
tomari-am,泊,とまり,沖縄県立泊高等学校,普通科,午前部,定時制,南部,令和8年度,previous_reference,120,24,20,5:5,standard_5_5,True,評定平均2.8以上／午前部の学校資料に定める生活・出欠等の条件を満たすこと,当該年度の公式ランク表を確認できず,部別の面接,,令和8年度参考。一般選抜は5:5。特色選抜は20%以内。 検査は面接。,8,school_detail_confirmed,True
tomari-night,泊,とまり,沖縄県立泊高等学校,普通科,夜間部,定時制,南部,令和8年度,previous_reference,40,8,20,5:5,standard_5_5,True,夜間部の学校資料に定める出願要件を満たすこと,当該年度の公式ランク表を確認できず,部別の面接,,令和8年度参考。一般選抜は5:5。特色選抜は20%以内。 検査は面接。,8,school_detail_confirmed,True
urasoe-f,浦添,うらそえ,沖縄県立浦添高等学校,普通科,,全日制,中部,令和8年度,previous_reference,360,90,25,5:5,standard_5_5,True,活動分野（ア）～（オ）のいずれか1つを申請／申請実績を証明する書類を提出,生徒会・学級役員等のリーダー活動／スポーツ・文化活動の大会実績／社会的活動／ボランティア活動／資格・検定／学校別実績表あり,個人面接（約5分）,面接／特別枠実技,令和8年度参考。一般選抜は5:5。特色選抜は25%以内。 検査は面接・実技・特別枠実技。,8,school_detail_confirmed,True
urasho-it,浦添商業,うらそえしょうぎょう,沖縄県立浦添商業高等学校,ITビジネス科,,全日制,中部,令和8年度,previous_reference,40,8,20,5:5,standard_5_5,True,3年間の評定合計80以上（平均3.0以上）／中学3年の国語・社会・数学・理科・英語がすべて3以上／指定する活動分野のいずれかに該当すること,スポーツ（野球、女子ソフトボール、男子ハンドボール等）／商業活動・コンテスト／探究・地域活動／資格／実績加点なし,個人面接／15分程度,個人面接,令和8年度参考。一般選抜は5:5。特色選抜は20%以内。 検査は面接・個人面接。,8,school_detail_confirmed,True
urasho-kigyo,浦添商業,うらそえしょうぎょう,沖縄県立浦添商業高等学校,企業システム科,,全日制,中部,令和8年度,previous_reference,160,32,20,5:5,standard_5_5,True,3年間の評定合計80以上（平均3.0以上）／中学3年の国語・社会・数学・理科・英語がすべて3以上／指定する活動分野のいずれかに該当すること,スポーツ（野球、女子ソフトボール、男子ハンドボール等）／商業活動・コンテスト／探究・地域活動／資格／実績加点なし,個人面接／15分程度,個人面接,令和8年度参考。一般選抜は5:5。特色選抜は20%以内。 検査は面接・個人面接。,8,school_detail_confirmed,True
urasho-kanko,浦添商業,うらそえしょうぎょう,沖縄県立浦添商業高等学校,国際観光科,,全日制,中部,令和8年度,previous_reference,80,16,20,5:5,standard_5_5,True,3年間の評定合計80以上（平均3.0以上）／中学3年の国語・社会・数学・理科・英語がすべて3以上／指定する活動分野のいずれかに該当すること,スポーツ（野球、女子ソフトボール、男子ハンドボール等）／商業活動・コンテスト／探究・地域活動／資格／実績加点なし,個人面接／15分程度,個人面接,令和8年度参考。一般選抜は5:5。特色選抜は20%以内。 検査は面接・個人面接。,8,school_detail_confirmed,True
urako-interior,浦添工業,うらそえこうぎょう,沖縄県立浦添工業高等学校,インテリア科,,全日制,中部,令和8年度,previous_reference,40,16,40,5:5,standard_5_5,True,評定平均3.0以上／欠席3年間合計30日以内,特別活動／部活動・文化活動／資格／専門分野の活動／学校別実績表あり,個人面接／15分程度／70点,個人面接,令和8年度参考。一般選抜は5:5。特色選抜は40%以内。 検査は面接・個人面接。,9,school_detail_confirmed,True
urako-design,浦添工業,うらそえこうぎょう,沖縄県立浦添工業高等学校,デザイン科,,全日制,中部,令和8年度,previous_reference,80,32,40,5:5,standard_5_5,True,評定平均3.0以上／欠席3年間合計30日以内,特別活動／部活動・文化活動／資格／専門分野の活動／学校別実績表あり,作品プレゼンテーション後の個人面接／15分程度／250点,作品プレゼンテーション・面接,令和8年度参考。一般選抜は5:5。特色選抜は40%以内。 検査は面接・プレゼン・作品プレゼンテーション・面接。,9,school_detail_confirmed,True
urako-kenchiku,浦添工業,うらそえこうぎょう,沖縄県立浦添工業高等学校,建築科,,全日制,中部,令和8年度,previous_reference,40,16,40,5:5,standard_5_5,True,評定平均3.0以上／欠席3年間合計30日以内,特別活動／部活動・文化活動／資格／専門分野の活動／学校別実績表あり,個人面接／15分程度／70点,個人面接,令和8年度参考。一般選抜は5:5。特色選抜は40%以内。 検査は面接・個人面接。,9,school_detail_confirmed,True
urako-johogi,浦添工業,うらそえこうぎょう,沖縄県立浦添工業高等学校,情報技術科,,全日制,中部,令和8年度,previous_reference,80,32,40,5:5,standard_5_5,True,評定平均3.0以上／欠席3年間合計30日以内,特別活動／部活動・文化活動／資格／専門分野の活動／学校別実績表あり,個人面接／15分程度／70点,個人面接,令和8年度参考。一般選抜は5:5。特色選抜は40%以内。 検査は面接・個人面接。,9,school_detail_confirmed,True
urako-chori,浦添工業,うらそえこうぎょう,沖縄県立浦添工業高等学校,調理科,,全日制,中部,令和8年度,previous_reference,40,16,40,5:5,standard_5_5,True,評定平均3.5以上／各学年の欠席5日以内,特別活動／部活動・文化活動／資格／専門分野の活動／学校別実績表あり,個人面接／15分程度／70点,個人面接,令和8年度参考。一般選抜は5:5。特色選抜は40%以内。 検査は面接・個人面接。,9,school_detail_confirmed,True
kyuyo-bunri,球陽,きゅうよう,沖縄県立球陽高等学校,文理探究科,,全日制,中部,令和8年度,previous_reference,280,126,45,4:6,exam_emphasis_4_6,True,3年間の評定平均4.3以上（評定合計115以上）／文化・スポーツ・社会・ボランティア・資格のいずれか1つの実績を証明できること,文化／スポーツ／社会活動／ボランティア／資格／当該年度の公式ランク表を確認できず,エントリーシートを踏まえた面接,数学の学校独自検査／英語の学校独自検査／面接・エントリーシート,令和8年度参考。一般選抜は4:6。特色選抜は45%以内。 検査は面接・学校独自検査・数学の学校独自検査・英語の学校独自検査・面接・エントリーシート。,7,school_detail_confirmed,True
mawashi-fuku,真和志,まわし,沖縄県立真和志高等学校,みらい福祉,,全日制,南部,令和8年度,previous_reference,40,16,40,5:5,standard_5_5,True,評定合計81以上（平均3.0以上）／学校資料の活動実績・出欠要件を満たすこと,文化・スポーツ／資格／特別活動・社会活動／学校別実績表あり,学校指定の面接,,令和8年度参考。一般選抜は5:5。特色選抜は40%以内。 検査は面接。,8,school_detail_confirmed,True
mawashi-arts,真和志,まわし,沖縄県立真和志高等学校,普通科,クリエイティブアーツ,全日制,南部,令和8年度,previous_reference,40,10,25,5:5,standard_5_5,True,評定合計81以上（平均3.0以上）／学校資料の活動実績・出欠要件を満たすこと,文化・スポーツ／資格／特別活動・社会活動／学校別実績表あり,学校指定の面接,,令和8年度参考。一般選抜は5:5。特色選抜は25%以内。 検査は面接・プレゼン・実技。,8,school_detail_confirmed,True
mawashi-f,真和志,まわし,沖縄県立真和志高等学校,普通科,普通,全日制,南部,令和8年度,previous_reference,120,24,20,5:5,standard_5_5,True,評定合計81以上（平均3.0以上）／学校資料の活動実績・出欠要件を満たすこと,文化・スポーツ／資格／特別活動・社会活動／学校別実績表あり,学校指定の面接,,令和8年度参考。一般選抜は5:5。特色選抜は20%以内。 検査は面接。,8,school_detail_confirmed,True
chinen-f,知念,ちねん,沖縄県立知念高等学校,普通科,,全日制,南部,令和8年度,previous_reference,320,80,25,4.5:5.5,exam_emphasis_4_5_5_5,True,3年間の評定平均3.0以上／3年間で評定1の科目がない／3年間の無届欠席が5日未満／中学校3年間で学校の定める活動実績に該当する,文化・スポーツ／資格／特別活動・社会活動／学校別実績表あり,スピーチを含む面接／5点,,令和8年度参考。一般選抜は4.5:5.5。特色選抜は25%以内。 検査は面接・プレゼン。,9,school_detail_confirmed,True
ishikawa-f,石川,いしかわ,沖縄県立石川高等学校,普通科,,全日制,中部,令和8年度,previous_reference,160,40,25,5:5,standard_5_5,True,学校が示す3つのアドミッション・ポリシーのいずれかに合致し、入学後も主体的に活動する意思がある者,学校別実績表あり,個人または学校指定形式／30点,,令和8年度参考。一般選抜は5:5。特色選抜は25%以内。 検査は面接。,8,school_detail_confirmed,True
itoman-f,糸満,いとまん,沖縄県立糸満高等学校,普通科,,全日制,南部,令和8年度,previous_reference,320,80,25,5:5,standard_5_5,True,評定平均3.0以上／学校の活動実績基準を満たすこと,文化／スポーツ／生徒会・特別活動／資格／学校別実績表あり,個人面接,,令和8年度参考。一般選抜は5:5。特色選抜は25%以内。 検査は面接・実技。,11,school_detail_confirmed,True
miraikoka-it,美来工科,みらいこうか,沖縄県立美来工科高等学校,ITシステム科,,全日制,中部,令和8年度,previous_reference,40,16,40,5:5,standard_5_5,True,ITシステム科の学校資料に定める評定・活動要件を満たすこと,特別活動／部活動・文化活動／資格／ものづくり・情報・デザイン活動／学校別実績表あり,個人面接（目安10分）／45点,,令和8年度参考。一般選抜は5:5。特色選抜は40%以内。 検査は面接。,9,school_detail_confirmed,True
miraikoka-cd,美来工科,みらいこうか,沖縄県立美来工科高等学校,コンピュータデザイン科,,全日制,中部,令和8年度,previous_reference,40,16,40,5:5,standard_5_5,True,コンピュータデザイン科の学校資料に定める評定・活動要件を満たすこと,特別活動／部活動・文化活動／資格／ものづくり・情報・デザイン活動／学校別実績表あり,個人面接（目安10分）／45点,,令和8年度参考。一般選抜は5:5。特色選抜は40%以内。 検査は面接・プレゼン。,9,school_detail_confirmed,True
miraikoka-dk,美来工科,みらいこうか,沖縄県立美来工科高等学校,土木工学科,,全日制,中部,令和8年度,previous_reference,40,16,40,5:5,standard_5_5,True,評定1がないこと／土木工学科の活動要件を満たすこと,特別活動／部活動・文化活動／資格／ものづくり・情報・デザイン活動／学校別実績表あり,個人面接（目安10分）,,令和8年度参考。一般選抜は5:5。特色選抜は40%以内。 検査は面接。,9,school_detail_confirmed,True
miraikoka-ms,美来工科,みらいこうか,沖縄県立美来工科高等学校,機械システム科,,全日制,中部,令和8年度,previous_reference,80,32,40,5:5,standard_5_5,True,評定1がないこと／機械システム科の活動要件を満たすこと,特別活動／部活動・文化活動／資格／ものづくり・情報・デザイン活動／学校別実績表あり,個人面接（目安10分）,,令和8年度参考。一般選抜は5:5。特色選抜は40%以内。 検査は面接。,9,school_detail_confirmed,True
miraikoka-jd,美来工科,みらいこうか,沖縄県立美来工科高等学校,自動車工学科,,全日制,中部,令和8年度,previous_reference,40,16,40,5:5,standard_5_5,True,評定平均3.0以上／評定1がないこと,特別活動／部活動・文化活動／資格／ものづくり・情報・デザイン活動／学校別実績表あり,個人面接（目安10分）,,令和8年度参考。一般選抜は5:5。特色選抜は40%以内。 検査は面接。,9,school_detail_confirmed,True
miraikoka-es,美来工科,みらいこうか,沖縄県立美来工科高等学校,電子システム科,,全日制,中部,令和8年度,previous_reference,80,32,40,5:5,standard_5_5,True,評定1がないこと／各学年の無届欠席5日以内,特別活動／部活動・文化活動／資格／ものづくり・情報・デザイン活動／学校別実績表あり,個人面接（目安10分）,,令和8年度参考。一般選抜は5:5。特色選抜は40%以内。 検査は面接。,9,school_detail_confirmed,True
misato-f,美里,みさと,沖縄県立美里高等学校,普通科,,全日制,中部,令和8年度,previous_reference,200,40,20,5:5,standard_5_5,True,評定平均3.0以上／各学年の無届欠席4日以内,生徒会・学級活動／部活動・文化活動／資格／社会活動／学校別実績表あり,個人面接（目安10分、自己紹介スピーチを含む）／30点,,令和8年度参考。一般選抜は5:5。特色選抜は20%以内。 検査は面接。,9,school_detail_confirmed,True
misatoko-ke,美里工業,みさとこうぎょう,沖縄県立美里工業高等学校,建築科,,全日制,中部,令和8年度,previous_reference,40,12,30,5:5,standard_5_5,True,評定平均3.0以上／活動実績を1つ以上証明できること,特別活動／部活動・文化活動／資格／校外活動／学校別実績表あり,学校指定の面接,,令和8年度参考。一般選抜は5:5。特色選抜は30%以内。 検査は面接。,8,school_detail_confirmed,True
misatoko-ki,美里工業,みさとこうぎょう,沖縄県立美里工業高等学校,機械科,,全日制,中部,令和8年度,previous_reference,80,24,30,5:5,standard_5_5,True,中学校等を卒業見込みで、志望校・学科が示す求める生徒像と出願要件を満たす者,特別活動／部活動・文化活動／資格／校外活動／学校別実績表あり,学校指定の面接,,令和8年度参考。一般選抜は5:5。特色選抜は30%以内。 検査は面接。,8,school_detail_confirmed,True
misatoko-se,美里工業,みさとこうぎょう,沖縄県立美里工業高等学校,設備工業科,,全日制,中部,令和8年度,previous_reference,40,12,30,5:5,standard_5_5,True,中学校等を卒業見込みで、志望校・学科が示す求める生徒像と出願要件を満たす者,特別活動／部活動・文化活動／資格／校外活動／学校別実績表あり,学校指定の面接,,令和8年度参考。一般選抜は5:5。特色選抜は30%以内。 検査は面接。,8,school_detail_confirmed,True
misatoko-ch,美里工業,みさとこうぎょう,沖縄県立美里工業高等学校,調理科,,全日制,中部,令和8年度,previous_reference,40,12,30,5:5,standard_5_5,True,評定平均3.5以上／活動実績を1つ以上証明できること,特別活動／部活動・文化活動／資格／校外活動／学校別実績表あり,学校指定の面接,,令和8年度参考。一般選抜は5:5。特色選抜は30%以内。 検査は面接。,8,school_detail_confirmed,True
misatoko-de,美里工業,みさとこうぎょう,沖縄県立美里工業高等学校,電気科,,全日制,中部,令和8年度,previous_reference,80,24,30,5:5,standard_5_5,True,中学校等を卒業見込みで、志望校・学科が示す求める生徒像と出願要件を満たす者,特別活動／部活動・文化活動／資格／校外活動／学校別実績表あり,学校指定の面接,,令和8年度参考。一般選抜は5:5。特色選抜は30%以内。 検査は面接。,8,school_detail_confirmed,True
nishihara-kenko,西原,にしはら,沖縄県立西原高等学校,普通科,健康科学,全日制,中部,令和8年度,previous_reference,40,10,25,5:5,standard_5_5,True,健康科学コースの学校資料に定める評定・欠席要件を満たすこと,学習・資格／文化・スポーツ／特別活動・社会活動／学校別実績表あり,個人面接,,令和8年度参考。一般選抜は5:5。特色選抜は25%以内。 検査は面接・実技。,8,school_detail_confirmed,True
nishihara-bunri,西原,にしはら,沖縄県立西原高等学校,普通科,文理,全日制,中部,令和8年度,previous_reference,280,70,25,5:5,standard_5_5,True,文理コースの学校資料に定める評定・欠席要件を満たすこと,学習・資格／文化・スポーツ／特別活動・社会活動／学校別実績表あり,個人面接,,令和8年度参考。一般選抜は5:5。特色選抜は25%以内。 検査は面接。,8,school_detail_confirmed,True
yomitan-f,読谷,よみたん,沖縄県立読谷高等学校,普通科,,全日制,中部,令和8年度,previous_reference,320,80,25,4.5:5.5,exam_emphasis_4_5_5_5,True,中学校等を卒業見込みで、志望校・学科が示す求める生徒像と出願要件を満たす者,文化・スポーツ／資格／生徒会・社会活動／当該年度の公式ランク表を確認できず,学校指定の面接,,令和8年度参考。一般選抜は4.5:5.5。特色選抜は25%以内。 検査は面接。,7,school_detail_confirmed,True
tomishiro-f,豊見城,とみしろ,沖縄県立豊見城高等学校,普通科,,全日制,南部,令和8年度,previous_reference,320,80,25,5:5,standard_5_5,True,評定平均3.1以上／評定1がないこと／学校資料の出欠・活動要件を満たすこと,文化・スポーツ／資格／特別活動・社会活動／当該年度の公式ランク表を確認できず,実施しない,,令和8年度参考。一般選抜は5:5。特色選抜は25%以内。,7,school_detail_confirmed,True
tomiminami-f,豊見城南,とみしろみなみ,沖縄県立豊見城南高等学校,普通科,普通,全日制,南部,令和8年度,previous_reference,120,24,20,5:5,standard_5_5,True,評定平均3.0以上／中学3年の各教科評定が2以上／無届欠席3年間合計6日以内,文化・スポーツ／資格／特別活動・社会活動／当該年度の公式ランク表を確認できず,個人面接（目安10分。自己アピール3分＋質疑7分）／35点,,令和8年度参考。一般選抜は5:5。特色選抜は20%以内。 検査は面接。,7,school_detail_confirmed,True
tomiminami-t,豊見城南,とみしろみなみ,沖縄県立豊見城南高等学校,普通科,特進,全日制,南部,令和8年度,previous_reference,40,8,20,5:5,standard_5_5,True,評定平均3.5以上／各教科評定が2以上／無届欠席3年間合計6日以内,文化・スポーツ／資格／特別活動・社会活動／当該年度の公式ランク表を確認できず,個人面接（目安10分。自己アピール3分＋質疑7分）／35点,,令和8年度参考。一般選抜は5:5。特色選抜は20%以内。 検査は面接。,7,school_detail_confirmed,True
hentona-f,辺土名,へんとな,沖縄県立辺土名高等学校,普通科,,全日制,北部,令和8年度,previous_reference,40,8,20,5:5,standard_5_5,True,評定平均2.7以上／文化・スポーツ・資格・生徒会・地域活動等の実績を証明できること,文化・スポーツ／生徒会・学級活動／資格取得／ボランティア・地域活動／自然・環境分野の研究・保全活動／学校別実績表あり,プレゼンテーションを含む面接,,令和8年度参考。一般選抜は5:5。特色選抜は20%以内。 検査は面接・プレゼン。,7,school_detail_confirmed,True
hentona-env,辺土名,へんとな,沖縄県立辺土名高等学校,自然環境科,,全日制,北部,令和8年度,previous_reference,40,16,40,5:5,standard_5_5,True,評定平均2.7以上／自然・環境に関する研究、調査、保全活動等の実績を証明できること,文化・スポーツ／生徒会・学級活動／資格取得／ボランティア・地域活動／自然・環境分野の研究・保全活動／学校別実績表あり,プレゼンテーションを含む面接,,令和8年度参考。一般選抜は5:5。特色選抜は40%以内。 検査は面接・プレゼン。,7,school_detail_confirmed,True
naha-f,那覇,なは,沖縄県立那覇高等学校,普通科,,全日制,南部,令和8年度,previous_reference,400,100,25,4.5:5.5,exam_emphasis_4_5_5_5,True,上記2要件を両方満たす,生徒会・学級活動のリーダー的活動／文化活動／スポーツ活動／資格取得／学校別実績表あり,個人面接（1人5分程度）,面接,令和8年度参考。一般選抜は4.5:5.5。特色選抜は25%以内。 検査は面接。,11,school_detail_confirmed,True
nahasho-sho,那覇商業,なはしょうぎょう,沖縄県立那覇商業高等学校,商業科,,全日制,南部,令和8年度,previous_reference,200,90,45,5:5,standard_5_5,True,通常枠は評定平均3.0以上／特別枠は評定平均2.8以上,商業資格・検定／部活動・文化活動／特別活動・社会活動／学校別実績表あり,個人面接／10分程度／15点,個人面接,令和8年度参考。一般選抜は5:5。特色選抜は45%以内。 検査は面接・実技・個人面接。,9,school_detail_confirmed,True
nahasho-kokukei,那覇商業,なはしょうぎょう,沖縄県立那覇商業高等学校,国際経済科,,全日制,南部,令和8年度,previous_reference,40,18,45,5:5,standard_5_5,True,通常枠は評定平均3.5以上／特別枠は評定平均2.8以上,商業資格・検定／部活動・文化活動／特別活動・社会活動／学校別実績表あり,個人面接／10分程度／15点,個人面接,令和8年度参考。一般選抜は5:5。特色選抜は45%以内。 検査は面接・実技・個人面接。,9,school_detail_confirmed,True
nahasho-joho,那覇商業,なはしょうぎょう,沖縄県立那覇商業高等学校,情報処理科,,全日制,南部,令和8年度,previous_reference,80,36,45,5:5,standard_5_5,True,通常枠は評定平均3.2以上／特別枠は評定平均2.8以上,商業資格・検定／部活動・文化活動／特別活動・社会活動／学校別実績表あり,個人面接／10分程度／15点,個人面接,令和8年度参考。一般選抜は5:5。特色選抜は45%以内。 検査は面接・実技・個人面接。,9,school_detail_confirmed,True
nahakok-k,那覇国際,なはこくさい,沖縄県立那覇国際高等学校,国際科,,全日制,南部,令和8年度,previous_reference,40,18,45,4:6,exam_emphasis_4_6,True,求める生徒像を理解し、評定要件を満たす,活動実績等申請書に記載する中学校内外の活動／学校別実績表あり,10点,,令和8年度参考。一般選抜は4:6。特色選抜は45%以内。 検査は面接。,10,school_detail_confirmed,True
nahakok-f,那覇国際,なはこくさい,沖縄県立那覇国際高等学校,普通科,,全日制,南部,令和8年度,previous_reference,320,80,25,4:6,exam_emphasis_4_6,True,求める生徒像を理解し、評定要件を満たす,活動実績等申請書に記載する中学校内外の活動／学校別実績表あり,10点,,令和8年度参考。一般選抜は4:6。特色選抜は25%以内。 検査は面接。,10,school_detail_confirmed,True
nahako-graphic,那覇工業,なはこうぎょう,沖縄県立那覇工業高等学校,グラフィックアーツ科,,全日制,南部,令和8年度,previous_reference,40,12,30,5:5,standard_5_5,True,中学3年に評定1がなく、評定平均3.0以上,実績加点なし,作品プレゼンテーションと個人面接／30点,A4鉛筆デッサン提出／作文／プレゼンテーション・面接,令和8年度参考。一般選抜は5:5。特色選抜は30%以内。 検査は面接・作文・プレゼン・学校独自検査・A4鉛筆デッサン提出・プレゼンテーション・面接。,10,school_detail_confirmed,True
nahako-fuku,那覇工業,なはこうぎょう,沖縄県立那覇工業高等学校,服飾デザイン科,,全日制,南部,令和8年度,previous_reference,40,12,30,5:5,standard_5_5,True,中学校等を卒業見込みで、志望校・学科が示す求める生徒像と出願要件を満たす者,実績加点なし,個人面接／15分程度／50点,面接／基礎縫い,令和8年度参考。一般選抜は5:5。特色選抜は30%以内。 検査は面接・実技・学校独自検査・基礎縫い。,10,school_detail_confirmed,True
nahako-kikai,那覇工業,なはこうぎょう,沖縄県立那覇工業高等学校,機械科,,全日制,南部,令和8年度,previous_reference,40,12,30,5:5,standard_5_5,True,3年間に評定1がないこと,実績加点なし,個人面接（口頭試問後に続けて実施）／口頭試問・面接それぞれ15分程度／100点,口頭試問,令和8年度参考。一般選抜は5:5。特色選抜は30%以内。 検査は面接・学校独自検査・口頭試問。,10,school_detail_confirmed,True
nahako-jidosha,那覇工業,なはこうぎょう,沖縄県立那覇工業高等学校,自動車科,,全日制,南部,令和8年度,previous_reference,40,12,30,5:5,standard_5_5,True,中学3年に評定1がないこと,実績加点なし,個人面接（口頭試問後に続けて実施）／口頭試問・面接それぞれ15分程度,口頭試問,令和8年度参考。一般選抜は5:5。特色選抜は30%以内。 検査は面接・学校独自検査・口頭試問。,10,school_detail_confirmed,True
nahako-denki,那覇工業,なはこうぎょう,沖縄県立那覇工業高等学校,電気科,,全日制,南部,令和8年度,previous_reference,80,24,30,5:5,standard_5_5,True,評定平均3.0以上,実績加点なし,個人面接（口頭試問後に続けて実施）／口頭試問・面接それぞれ10分程度,口頭試問・面接,令和8年度参考。一般選抜は5:5。特色選抜は30%以内。 検査は面接・学校独自検査・口頭試問・面接。,10,school_detail_confirmed,True
nahako-night-kikai,那覇工業,なはこうぎょう,沖縄県立那覇工業高等学校,機械科,,定時制,南部,令和8年度,previous_reference,40,12,30,5:5,standard_5_5,True,,実績加点なし,個人面接／10分程度／150点,個人面接,令和8年度参考。一般選抜は5:5。特色選抜は30%以内。 検査は面接・個人面接。,12,school_detail_confirmed,True
nahako-night-denki,那覇工業,なはこうぎょう,沖縄県立那覇工業高等学校,電気科,,定時制,南部,令和8年度,previous_reference,40,12,30,5:5,standard_5_5,True,,実績加点なし,個人面接／10分程度／150点,個人面接,令和8年度参考。一般選抜は5:5。特色選抜は30%以内。 検査は面接・個人面接。,12,school_detail_confirmed,True
nahanishi-tai,那覇西,なはにし,沖縄県立那覇西高等学校,体育科,,全日制,南部,令和8年度,previous_reference,40,20,50,5:5,standard_5_5,True,入学後に陸上競技、水泳、男子サッカー、ハンドボール、柔道等の指定競技を継続する意思があること,文化・スポーツ／資格／特別活動・社会活動／学校別実績表あり,個人面接／5分程度／50点,個人面接／実技検査,令和8年度参考。一般選抜は5:5。特色選抜は50%以内。 検査は面接・実技・個人面接・実技検査。,9,school_detail_confirmed,True
nahanishi-jin,那覇西,なはにし,沖縄県立那覇西高等学校,国際人文科,,全日制,南部,令和8年度,previous_reference,80,32,40,5:5,standard_5_5,True,中学校等を卒業見込みで、志望校・学科が示す求める生徒像と出願要件を満たす者,文化・スポーツ／資格／特別活動・社会活動／学校別実績表あり,英語1分自己紹介を含む個人面接／5分程度／50点,英語1分自己紹介・面接,令和8年度参考。一般選抜は5:5。特色選抜は40%以内。 検査は面接・英語1分自己紹介・面接。,9,school_detail_confirmed,True
nahanishi-f,那覇西,なはにし,沖縄県立那覇西高等学校,普通科,,全日制,南部,令和8年度,previous_reference,240,48,20,5:5,standard_5_5,True,中学校等を卒業見込みで、志望校・学科が示す求める生徒像と出願要件を満たす者,文化・スポーツ／資格／特別活動・社会活動／学校別実績表あり,個人面接／5分程度／50点,個人面接,令和8年度参考。一般選抜は5:5。特色選抜は20%以内。 検査は面接・個人面接。,9,school_detail_confirmed,True
kaiho-g,開邦,かいほう,沖縄県立開邦高等学校,学術探究科,,全日制,南部,令和8年度,previous_reference,200,54,45,4:6,exam_emphasis_4_6,True,志望学科への強い興味・関心と明確な目的意識／中学校3年間の無届欠席が5回以内,特別活動・課外活動／体育系・文化系・社会・ボランティア活動／資格・検定／学校別実績表あり,35点,学校独自検査／面接,令和8年度参考。一般選抜は4:6。特色選抜は約54名（外部募集120名の40%以内＋特別枠5%以内）。 検査は面接・学校独自検査。,11,school_detail_confirmed,True
kaiho-art-art,開邦,かいほう,沖縄県立開邦高等学校,芸術科,美術,全日制,南部,令和8年度,previous_reference,20,10,50,4:6,exam_emphasis_4_6,True,志望学科への強い興味・関心と明確な目的意識／中学校3年間の無届欠席が5回以内,特別活動・課外活動／体育系・文化系・社会・ボランティア活動／資格・検定／学校別実績表あり,35点,実技検査／面接,令和8年度参考。一般選抜は4:6。特色選抜は50%以内。 検査は面接・実技・実技検査。,11,school_detail_confirmed,True
kaiho-art-music,開邦,かいほう,沖縄県立開邦高等学校,芸術科,音楽,全日制,南部,令和8年度,previous_reference,20,10,50,4:6,exam_emphasis_4_6,True,志望学科への強い興味・関心と明確な目的意識／中学校3年間の無届欠席が5回以内,特別活動・課外活動／体育系・文化系・社会・ボランティア活動／資格・検定／学校別実績表あり,35点,実技検査／面接,令和8年度参考。一般選抜は4:6。特色選抜は50%以内。 検査は面接・実技・実技検査。,11,school_detail_confirmed,True
yomei-sogo,陽明,ようめい,沖縄県立陽明高等学校,総合学科,,全日制,中部,令和8年度,previous_reference,240,48,20,5:5,standard_5_5,True,評定合計81以上（平均3.0以上）／評定1がないこと／無届欠席がないこと／欠席3年間合計15日以内,特別活動／部活動・文化活動／資格／社会・地域活動／学校別実績表あり,集団面接／50点,,令和8年度参考。一般選抜は5:5。特色選抜は20%以内。 検査は面接・プレゼン・実技。,8,school_detail_confirmed,True
shuri-f,首里,しゅり,沖縄県立首里高等学校,普通科,,全日制,南部,令和8年度,previous_reference,360,90,25,4:6,exam_emphasis_4_6,True,評定平均3.8以上／各学年の国語・社会・数学・理科・英語の評定が4以上／無届欠席がないこと,文化・スポーツ／資格／生徒会・社会活動／学校別実績表あり,学校指定の面接,,令和8年度参考。一般選抜は4:6。特色選抜は25%以内。 検査は面接。,8,school_detail_confirmed,True
shuri-sen,首里,しゅり,沖縄県立首里高等学校,染織デザイン科,,全日制,南部,令和8年度,previous_reference,40,16,40,5:5,standard_5_5,True,評定平均3.5以上／各学年・各教科の評定が3以上／無届欠席がないこと,文化・スポーツ／資格／生徒会・社会活動／学校別実績表あり,学校指定の面接,,令和8年度参考。一般選抜は5:5。特色選抜は40%以内。 検査は面接。,8,school_detail_confirmed,True
shurihigashi-f,首里東,しゅりひがし,沖縄県立首里東高等学校,普通科,,全日制,南部,令和8年度,previous_reference,240,48,20,4.5:5.5,exam_emphasis_4_5_5_5,True,中学校等を卒業見込みで、志望校・学科が示す求める生徒像と出願要件を満たす者,文化・スポーツ／資格／特別活動・社会活動／当該年度の公式ランク表を確認できず,個人面接／40点,,令和8年度参考。一般選抜は4.5:5.5。特色選抜は20%以内。 検査は面接。,7,school_detail_confirmed,True
