source_id,school_name,department,title,target_year,source_type,official_page_url,direct_file_url,file_format,pdf_viewer_page,printed_page,heading,summary,publication_date,last_checked,link_status,notes
chinen-r8-rank,知念,普通科,令和8年度特色選抜 活動実績ランク基準表,令和8年度,特色選抜実績ランク表,https://www.chinen-h.open.ed.jp/nyushijyoho.html,https://www.chinen-h.open.ed.jp/nyushi_26_tokushokurank.pdf,PDF,1-2,1-2,活動実績ランク基準表 その1・その2,文化、スポーツ、社会、生徒会、ボランティア、資格をA～Eで区分。,,2026-07-07,confirmed,
chubuno-night-r8-detail,中部農林,定時制農業科,令和8年度定時制特色選抜 求める生徒像・選抜方法,令和8年度,定時制特色選抜方法,https://www.teiji.chubu-ah.open.ed.jp/,https://www.teiji.chubu-ah.open.ed.jp/e0f7373d80581c29c30e7d83a9168e9bed8fc3f2.pdf,PDF,1,1,575点配点、評定1なし、個人面接50点,学力250点、調査書275点、個人面接50点。3年間に評定1がある者は対象外。,,2026-07-07,confirmed_official_file,
chubuno-r8-detail,中部農林,全日制5学科,令和8年度特色選抜 求める生徒像・選抜方法,令和8年度,特色選抜方法,https://sites.google.com/open.ed.jp/chunonyushi/,https://drive.google.com/file/d/1Ef14XF_oYSvk-huUOc42MCey1lK3sU0G/view?usp=drive_link,PDF (Google Drive),1,1,学科別評定要件、575点配点、個人面接,全5学科共通575点。学科別評定平均、評定1なし、個人面接50点。,,2026-07-07,confirmed_official_drive_file,
chubuno-r8-main,中部農林,全日制5学科,令和8年度入学者選抜募集要項,令和8年度,学校募集要項,https://sites.google.com/open.ed.jp/chunonyushi/,https://drive.google.com/file/d/1uNyiinwa3d5ko5WK6oCSoA6ovN1vaaSQ/view?usp=drive_link,PDF (Google Drive),資料内,資料内,入学者募集要項,中部農林全日制の募集要項。,,2026-07-07,confirmed_official_drive_file,
chubuno-r8-portal,中部農林,全日制5学科,令和8年度入学者選抜資料公式ポータル,令和8年度,学校公式入試情報ページ,https://sites.google.com/open.ed.jp/chunonyushi/,,HTML,,,募集要項、特色選抜詳細、ランク表,学校公式Google Sitesから令和8年度の3資料へリンク。,,2026-07-07,confirmed_official_page,
chubuno-r8-rank,中部農林,全日制5学科,令和8年度 特別活動・部活動・資格取得等ランク表,令和8年度,実績ランク表,https://sites.google.com/open.ed.jp/chunonyushi/,https://drive.google.com/file/d/1fqQKDwBu_bT8bFO-uCZokGfRgx8GVccH/view?usp=drive_link,PDF (Google Drive),1,1,A-Eランク,生徒会、文化、スポーツ、社会、ボランティア、資格のA-Eランク。,,2026-07-07,confirmed_official_drive_file,
gushikawa-r8-interview,具志川,普通科,令和8年度特色選抜受検生への面接案内,令和8年度,特色選抜受検案内,https://www.gushikawa-h.open.ed.jp/entrance%20exam2025/R7_2Ent-exam.html,https://www.gushikawa-h.open.ed.jp/entrance%20exam2025/R8_info/tokusyokujuukensei_info.pdf,PDF,1,1,特色選抜面接,特色選抜面接の集合・実施案内。,,2026-07-07,confirmed_official_file,
gushikawa-r8-rank,具志川,普通科,令和8年度特色選抜実績のランク一覧表,令和8年度,実績ランク表,https://www.gushikawa-h.open.ed.jp/entrance%20exam2025/R7_2Ent-exam.html,https://www.gushikawa-h.open.ed.jp/entrance%20exam2025/R8_info/R8_entrance%20exam/3_admission%20ranking%20chart.pdf,PDF,1,1,スポーツ・文化・資格・校内活動・社会活動,学校独自の実績ランク表。数学検定の一次または二次のみ合格は一段階下として扱う。,,2026-07-07,confirmed_official_file,
ishikawa-r8-ranks-source,石川,普通科,令和8年度合否判定基準・内申実績ランク表,令和8年度,合否判定基準・特色選抜実績ランク表,https://www.ishikawa-h.open.ed.jp/nyuusiR8.html,https://www.ishikawa-h.open.ed.jp/nyuusi_gouhikijyun_r8.pdf,PDF,1-2,1-2,特色選抜合否判定基準／県立石川高校内申実績ランク表,565点構成と、校内外活動・部活動・資格のA～D点数表。,,2026-07-07,confirmed,
itoman-r8-general,糸満,普通科,令和8年度一般選抜入試基準,令和8年度,一般選抜方法,https://www.itoman-h.open.ed.jp/post-3.html,https://www.itoman-h.open.ed.jp/05_%E4%BB%A4%E5%92%8C8%E5%B9%B4%E5%BA%A6_%E4%B8%80%E8%88%AC%E5%85%A5%E8%A9%A6%E9%81%B8%E6%8A%9C%E6%96%B9%E6%B3%95.pdf,PDF,1,1,一般選抜5:5、面接全員、特色面接済みは免除,一般選抜は5:5、独自検査・傾斜配点なし。面接は全員だが特色選抜で受検済みの者は免除。,,2026-07-07,confirmed_official_file,
itoman-r8-method,糸満,普通科,令和8年度特色選抜 求める生徒像・選抜方法,令和8年度,特色選抜方法,https://www.itoman-h.open.ed.jp/post-3.html,https://www.itoman-h.open.ed.jp/02_%E4%BB%A4%E5%92%8C8%E5%B9%B4%E5%BA%A6_%E7%89%B9%E8%89%B2%E9%81%B8%E6%8A%9C_%E6%B1%82%E3%82%81%E3%82%8B%E7%94%9F%E5%BE%92%E5%83%8F%E3%83%BB%E9%81%B8%E6%8A%9C%E6%96%B9%E6%B3%95.pdf,PDF,1,1,配点、面接、特別枠実技、評定要件,通常355点、特別枠435点。評定平均3.0以上、個人面接、指定部活動の実技。,,2026-07-07,confirmed_official_file,
itoman-r8-rank,糸満,普通科,令和8年度特色選抜入試判定基準ランク表,令和8年度,実績ランク表,https://www.itoman-h.open.ed.jp/post-3.html,https://www.itoman-h.open.ed.jp/03_%E4%BB%A4%E5%92%8C8%E5%B9%B4%E5%BA%A6_%E7%89%B9%E8%89%B2%E9%81%B8%E6%8A%9C%E5%85%A5%E8%A9%A6%E5%9F%BA%E6%BA%96%E3%83%A9%E3%83%B3%E3%82%AF%E8%A1%A8.pdf,PDF,1,1,文化・スポーツ・生徒会・英検・漢検・数検,A-Dランク。英検・漢検・数検は2級以上、準2級、3級をA-Cとして評価。,,2026-07-07,confirmed_official_file,
kadena-r8-ranks-source,嘉手納,総合学科・全コース,令和8年度 主な実績ランク表,令和8年度,特色選抜実績ランク表,https://www.kadena-h.open.ed.jp/,https://www.kadena-h.open.ed.jp/0e58a6bbddd2e771d471ce380b7482f41d1d8fb2.pdf,PDF,1,1,特別活動／部活動／資格取得 A～D,生徒会、社会活動、課題学習、スポーツ、文化、資格をA～Dで評価。,,2026-07-07,confirmed,
kaiho-r8-guidelines,開邦,学術探究科・芸術科,令和8年度入学者選抜募集要項,令和8年度,学校募集要項,https://www.kaiho-h.open.ed.jp/nyushi.html,https://www.kaiho-h.open.ed.jp/R8_nyugakusya_bosyuyoukou_kaiho-h.pdf,PDF,3-19,2-18,募集定員・特色選抜・一般選抜・芸術科実技検査,出願要件、配点、学校独自検査、実技検査、提出書類。,2025-10-30,2026-07-07,confirmed_official_file,
kaiho-r8-page,開邦,全学科,開邦高校 入試情報,令和8年度,学校公式入試情報ページ,https://www.kaiho-h.open.ed.jp/nyushi.html,,HTML,,,令和8年度入学者選抜,募集要項、実績ランク表、学校独自様式の公式入口。,2025-10-30,2026-07-07,confirmed_official_page,
kaiho-r8-rank,開邦,学術探究科・芸術科,令和8年度特色選抜 実績ランク表,令和8年度,実績ランク表,https://www.kaiho-h.open.ed.jp/nyushi.html,https://www.kaiho-h.open.ed.jp/R8_tokusyoku_jissekiRANK.pdf,PDF,1,1,体育系活動・文化系活動・資格取得,A-Dランクの大会実績と英検・漢検・数検級。,2025-10-30,2026-07-07,confirmed_official_file,
koza-night-r7-rank,コザ,商業科・定時制,特色選抜実績ランク表（PDF内部表記は令和7年度）,令和7年度,特色選抜実績ランク表・過年度参考,https://www.koza-h.open.ed.jp/teiji/index.html,https://www.koza-h.open.ed.jp/teiji/nyuusi/jissekirankuhyou.pdf,PDF,1,1,実績ランク表,令和8年度公式ページからリンクされるが、検索索引上のPDF内部表記は令和7年度。,,2026-07-07,year_mismatch_needs_review,令和8年度レコードへ無表示で混在させず、過年度参考として別管理。 2026-07-07再試行でも公式PDF本体は502エラー。
koza-night-r8-selection,コザ,商業科・定時制,令和8年度特色選抜 求める生徒像・選抜方法,令和8年度,学校別特色選抜方法・配点,https://www.koza-h.open.ed.jp/teiji/index.html,https://www.koza-h.open.ed.jp/teiji/nyuusi/tokushokusenbatsu.pdf,PDF,1,1,調査書配点・個人面接,学力検査250点、調査書200点、個人面接15分程度。調査書は評定135、特別活動30、部活動・資格35。,,2026-07-07,confirmed_search_index,公式PDF本体は取得できなかったが、公式PDF検索索引で各数値と面接形式を確認。
koza-r8-decision-standard,コザ,普通科・全日制,令和8年度特色選抜 合否判定基準,令和8年度,特色選抜合否判定基準,https://www.koza-h.open.ed.jp/zennichi/post-2.html,https://www.koza-h.open.ed.jp/zennichi/shiryou/nyuushi/2025/4r8hanteikijun.pdf,PDF,1,1,特色選抜合否判定基準,令和8年度特色選抜の判定基準。学校公式ページで面接を実施しない旨も確認。,,2026-07-07,confirmed_search_index,公式PDF本体は502エラー。
koza-r8-rank-table,コザ,普通科・全日制,令和8年度特色選抜 実績ランク表,令和8年度,特色選抜実績ランク表,https://www.koza-h.open.ed.jp/zennichi/post-2.html,https://www.koza-h.open.ed.jp/zennichi/shiryou/nyuushi/2025/3r8lankhyou.pdf,PDF,1,1,実績ランク A～F,文化・スポーツ・社会活動・資格等をA～Fで評価する公式表。,,2026-07-07,partial_search_index,主要行は検索索引で確認。PDF本体が502エラーのため全行確認は未完。 2026-07-07再試行でも公式PDF本体は502エラー。
koza-r8-selection-method,コザ,普通科・全日制,令和8年度特色選抜 求める生徒像・選抜方法,令和8年度,学校別特色選抜方法・配点,https://www.koza-h.open.ed.jp/zennichi/post-2.html,https://www.koza-h.open.ed.jp/zennichi/shiryou/nyuushi/2025/2R8senbatuhouhou.pdf,PDF,1,1,各選抜項目における配点,学力検査250点、教科評定換算250点、活動実績500点、合計1000点。,,2026-07-07,confirmed_search_index,公式PDFは学校サーバーの502エラーにより直接表示できず、公式PDFの検索索引本文で照合。
kumejima-r8-detail,久米島,園芸科・普通科,令和8年度特色選抜 求める生徒像・選抜方法,令和8年度,特色選抜方法,https://www.kumejima-h.open.ed.jp/admission.html,https://www.kumejima-h.open.ed.jp/r7/pdf/notice/r8_tokusyoku.pdf,PDF,1,1,550点配点、活動実績85点、個人面接50点,学力250点、調査書250点、個人面接50点。校内外の活動3項目を評価。,,2026-07-07,confirmed_official_file,
maehara-r8-rank,前原,普通科・全コース,令和8年度特色選抜 実績ランク表,令和8年度,特色選抜実績ランク表,https://www.maehara-h.open.ed.jp/folder/post-78.html,https://www.maehara-h.open.ed.jp/eac32ff1d7b7a65748581b02c5dc8527d1e7c792.pdf,PDF,1,1,活動実績・資格 A～Eランク,スポーツ、文化、社会・ボランティア、資格等のランク表。,,2026-07-07,confirmed,
mirai-r8-main,美来工科,全6学科,令和8年度入学者選抜募集要項,令和8年度,学校募集要項,https://www.mirai-th.open.ed.jp/cat3672/,https://www.mirai-th.open.ed.jp/2025/boshu_youkou_251126.pdf,PDF,1-9,資料内,特色選抜・一般選抜募集要項,出願手続、募集定員、選抜日程等。,,2026-07-07,confirmed_official_file,
mirai-r8-method,美来工科,全6学科,令和8年度特色選抜 求める生徒像・選抜方法,令和8年度,学科別特色選抜方法,https://www.mirai-th.open.ed.jp/cat3672/post_1055.html,https://www.mirai-th.open.ed.jp/2025/tokushoku_2025-10-31.pdf,PDF,1-6,1-6,学科別出願要件、配点、個人面接,各科の実績要件、評定・欠席条件、500-550点配点、10分程度の個人面接。,,2026-07-07,confirmed_official_file,
mirai-r8-rank,美来工科,全6学科,令和8年度特色選抜合否判定基準・実績評価基準,令和8年度,合否判定基準・実績ランク表,https://www.mirai-th.open.ed.jp/cat3672/post_1065.html,https://www.mirai-th.open.ed.jp/2025/jiseki_hyouka_251121.pdf,PDF,1-2,31-32,A-E実績評価基準,特別活動、文化・スポーツ・社会・ボランティア、資格のランク基準。,,2026-07-07,confirmed_official_file,
misato-r8-ranks-source,美里,普通科,令和8年度 主な実績ランク表,令和8年度,特色選抜実績ランク表,https://www.misato-h.open.ed.jp/nyuushi.html,https://www.misato-h.open.ed.jp/%E4%BB%A4%E5%92%8C8%E5%B9%B4%E5%BA%A6%E4%B8%BB%E3%81%AA%E5%AE%9F%E7%B8%BE%E3%83%A9%E3%83%B3%E3%82%AF%E8%A1%A8.pdf,PDF,1,1,特別活動／部活動・資格取得等 A～D,校内活動、社会・ボランティア、文化、スポーツ、資格をA～Dで評価。,,2026-07-07,confirmed,
miyako-r8-criteria,宮古,普通科・文理探究科,令和8年度特色選抜 求める生徒像・選抜方法,令和8年度,特色選抜方法,https://www.miyako-h.open.ed.jp/,https://www.miyako-h.open.ed.jp/028fb589ce2555715ef327b54be5ae5d5bfe0c79.pdf,PDF,,,求める生徒像、出願要件、選抜方法,評定、欠席、活動実績、学力検査・調査書・面接の配点を確認。,,2026-07-07,confirmed_official_file,
miyako-r8-rank,宮古,普通科・文理探究科,令和8年度特色選抜 求める生徒像・選抜方法,令和8年度,学校別特色選抜方法,https://www.miyako-h.open.ed.jp/,https://www.miyako-h.open.ed.jp/965a85732f922231095abde918b085b32f61ed23.pdf,PDF,,,学力検査・調査書・活動資格・面接,学力検査250点、調査書200点、面接50点。実績ランク表そのものではない。,,2026-07-07,confirmed_official_file,
miyasou-r8-detail,宮古総合実業,全6学科,令和8年度特色選抜 求める生徒像・選抜方法,令和8年度,特色選抜方法,https://www.miyasou-h.open.ed.jp/,https://www.miyasou-h.open.ed.jp/613fbdbac482b651f523ae2e35b66e3b7b5fbbd1.pdf,PDF,,,学科別出願要件、600点配点、独自検査,6学科の評定・欠席要件、作文・面接・討論等を確認。,,2026-07-07,confirmed_official_file,
nagosho-r8-cs,名護商工,地域産業科,令和8年度特色選抜 求める生徒像・選抜方法（地域産業科）,令和8年度,学校別特色選抜詳細,https://www.nago-th.open.ed.jp/cat1451/,https://www.nago-th.open.ed.jp/a0d4a68c5f18d6d2cea477be1105ceb3b1f02bd3.pdf,PDF,1,1,特色選抜［求める生徒像・選抜方法］,学力検査250点、調査書250点、個人面接A～C評価、合計500点。,2025-11-17,2026-07-07,confirmed,
nagosho-r8-evaluation,名護商工,全学科・コース,令和8年度特色選抜評価基準,令和8年度,特色選抜実績・評価基準,https://www.nago-th.open.ed.jp/cat1451/,https://www.nago-th.open.ed.jp/2025/R8hyoukakijun.pdf,PDF,1,1,特別活動／部活動・資格取得等 評価基準,I=25点、II=20点、III=15点、該当外IV=10点。資格は英検・漢検・数検等の級を明示。,2025-11-17,2026-07-07,confirmed,
nagosho-r8-kd,名護商工,工業技術科・電気コース,令和8年度特色選抜 求める生徒像・選抜方法（工業技術科・電気コース）,令和8年度,学校別特色選抜詳細,https://www.nago-th.open.ed.jp/cat1451/,https://www.nago-th.open.ed.jp/b7cd9a44eb1d1256191bc08afb4c25ddf7e9160d.pdf,PDF,1,1,特色選抜［求める生徒像・選抜方法］,学力検査250点、調査書250点、個人面接A～C評価、合計500点。,2025-11-17,2026-07-07,confirmed,
nagosho-r8-ke,名護商工,建築科,令和8年度特色選抜 求める生徒像・選抜方法（建築科）,令和8年度,学校別特色選抜詳細,https://www.nago-th.open.ed.jp/cat1451/,https://www.nago-th.open.ed.jp/53ecc72efb78bef7ee15419e6b9a5360277bbff5.pdf,PDF,1,1,特色選抜［求める生徒像・選抜方法］,学力検査250点、調査書250点、個人面接A～C評価、合計500点。,2025-11-17,2026-07-07,confirmed,
nagosho-r8-km,名護商工,工業技術科・機械コース,令和8年度特色選抜 求める生徒像・選抜方法（工業技術科・機械コース）,令和8年度,学校別特色選抜詳細,https://www.nago-th.open.ed.jp/cat1451/,https://www.nago-th.open.ed.jp/b8367dc724fff55bb88a7064b24001c1fd67397c.pdf,PDF,1,1,特色選抜［求める生徒像・選抜方法］,学力検査250点、調査書250点、個人面接A～C評価、合計500点。,2025-11-17,2026-07-07,confirmed,
nagosho-r8-sh,名護商工,商業科,令和8年度特色選抜 求める生徒像・選抜方法（商業科）,令和8年度,学校別特色選抜詳細,https://www.nago-th.open.ed.jp/cat1451/,https://www.nago-th.open.ed.jp/d0679cc6dbcb76689ece37d55ba1f154bee1583a.pdf,PDF,1,1,特色選抜［求める生徒像・選抜方法］,学力検査250点、調査書250点、個人面接A～C評価、合計500点。,2025-11-17,2026-07-07,confirmed,
nagosho-r8-sj,名護商工,総合情報科,令和8年度特色選抜 求める生徒像・選抜方法（総合情報科）,令和8年度,学校別特色選抜詳細,https://www.nago-th.open.ed.jp/cat1451/,https://www.nago-th.open.ed.jp/90ece1064f6381ef9a0d85d63775835d9e243e97.pdf,PDF,1,1,特色選抜［求める生徒像・選抜方法］,学力検査250点、調査書250点、個人面接A～C評価、合計500点。,2025-11-17,2026-07-07,confirmed,
naha-r8-criteria,那覇,普通科,令和8年度 特色選抜・一般選抜 合否判定基準,令和8年度,合否判定基準,https://www.naha-h.open.ed.jp/post.html,https://www.naha-h.open.ed.jp/1447216b0c97438750e758e2792f0f8422805404.pdf,PDF,1-2,1-2,募集人員・出願要件・選抜方法,特色100名以内、区域外枠、一般4.5:5.5等。,,2026-07-07,confirmed_official_file,
naha-r8-method,那覇,普通科,特色選抜 求める生徒像・選抜方法,令和8年度,特色選抜方法,https://www.naha-h.open.ed.jp/post.html,https://www.naha-h.open.ed.jp/7ac2882fed2af85b6c95165fc416f600925ce8c3.pdf,PDF,1,1,配点・出願条件・面接,学力250点、調査書等300点、面接A-C評価、評定平均4.0以上等。,,2026-07-07,confirmed_official_file,
naha-r8-page,那覇,普通科,那覇高校 高校入試情報,令和8年度,学校公式入試情報ページ,https://www.naha-h.open.ed.jp/post.html,,HTML,,,令和8年度入学者選抜,特色選抜・一般選抜の判定基準と実績ランク表の公式入口。,,2026-07-07,confirmed_official_page,
naha-r8-rank,那覇,普通科,実績点のランク表,令和8年度,実績ランク表,https://www.naha-h.open.ed.jp/post.html,https://www.naha-h.open.ed.jp/62bb4497cbae3e10fa23415efa359261917770dc.pdf,PDF,1,1,文化・スポーツ・資格・特別活動,A1-E等の実績ランクと資格級。,,2026-07-07,confirmed_official_file,
naha-tech-r8-general-adjudication,那覇工業,全学科,令和8年度一般選抜 合否判定基準,令和8年度,一般選抜判定基準,https://www.naha-th.open.ed.jp/,https://www.naha-th.open.ed.jp/goji-ippann.pdf,PDF,,,一般選抜の合否判定,一般選抜の調査書・学力検査等の扱いを確認。,,2026-07-07,confirmed_official_file,
naha-tech-r8-night-guidelines,那覇工業,定時制を含む全学科,令和8年度入学者選抜募集要項,令和8年度,学校募集要項,https://teiji.naha-th.open.ed.jp/2025/10/,https://teiji.naha-th.open.ed.jp/92b1ffae915af1efdec1c960ee9e31f154688bab.pdf,PDF,5-6,3-4,特色選抜 出願手続き・出願書類・選抜方法,特色選抜の標準出願書類と、定時制の募集人員・面接実施を確認。,,2026-07-07,confirmed,
naha-tech-r8-night-special,那覇工業,定時制・全学科,令和8年度特色選抜 求める生徒像・選抜方法（定時制）,令和8年度,学校別特色選抜詳細,https://teiji.naha-th.open.ed.jp/2025/10/,https://teiji.naha-th.open.ed.jp/54a1c94d5aa6aad77e7a71dc90fb560e2a5f331b.pdf,PDF,1,1,特色選抜［求める生徒像・選抜方法］,定時制全学科の学力検査250点、調査書150点、個人面接150点、合計550点。,,2026-07-07,confirmed,機械科・電気科に共通。
naha-tech-r8-special-adjudication,那覇工業,全日制5学科,令和8年度特色選抜 合否判定基準,令和8年度,特色選抜判定基準,https://www.naha-th.open.ed.jp/,https://www.naha-th.open.ed.jp/gohi-tokusyoku.pdf,PDF,,,特色選抜の合否判定,特色選抜の学科別判定方法を確認。,,2026-07-07,confirmed_official_file,
naha-tech-r8-special-criteria,那覇工業,全日制5学科,令和8年度特色選抜 求める生徒像・選抜方法,令和8年度,特色選抜方法,https://www.naha-th.open.ed.jp/,https://www.naha-th.open.ed.jp/eefca525c79513140f16c6eb76d9329685837d89.pdf,PDF,,,学科別出願要件・学校独自検査・配点,全日制5学科の特色選抜の出願条件、面接・口頭試問・実技等を確認。,,2026-07-07,confirmed_official_file,
nahakoku-r8-activity-form,那覇国際,普通科・国際科,活動実績等申請書,令和8年度,学校独自申請書,https://www.nahakokusai-h.open.ed.jp/nyushi-2026.html,https://www.nahakokusai-h.open.ed.jp/caca6a5cc57f02c9e14c6dda5393ee9a164b4405.pdf,PDF,1,1,活動実績等申請,特色選抜で使用する活動実績の申請様式。,,2026-07-07,confirmed_official_file,
nahakoku-r8-guidelines,那覇国際,普通科・国際科,令和8年度入学者選抜募集要項,令和8年度,学校募集要項,https://www.nahakokusai-h.open.ed.jp/nyushi-2026.html,https://www.nahakokusai-h.open.ed.jp/0cdfc9307b88ae284947caf6e1299f3c4f5b7208.pdf,PDF,1-12,0-11,募集定員・特色選抜・一般選抜,評定要件、配点、面接、英語傾斜配点、一般4:6。,,2026-07-07,confirmed_official_file,
nahakoku-r8-page,那覇国際,普通科・国際科,那覇国際高校 令和8年度入試情報,令和8年度,学校公式入試情報ページ,https://www.nahakokusai-h.open.ed.jp/nyushi-2026.html,,HTML,,,令和8年度入学者選抜,募集要項と活動実績等申請書の公式入口。,,2026-07-07,confirmed_official_page,
nanbuno-r8-rank,南部農林,全学科,令和8年度特色選抜 実績評価基準,令和8年度,特色選抜実績ランク表,https://www.nanbu-ah.open.ed.jp/post-21.html,https://www.nanbu-ah.open.ed.jp/ff32b6bcc1648740d19507a0b57da74691ab0a43.pdf,PDF,1,1,活動実績 A～D評価,文化、スポーツ、社会・ボランティア、資格、生徒会を50・30・10・0点で評価。,,2026-07-07,confirmed,
nishihara-r8-detail,西原,普通科（文理・健康科学）,令和8年度入学者選抜募集要項・特色選抜詳細,令和8年度,学校募集要項・学科別特色選抜方法,https://www.nishihara-h.open.ed.jp/nyuushi.html,https://www.nishihara-h.open.ed.jp/940668c5cb94037df45177762ccaa6e5cebc4c16.pdf,PDF,6-10,5-9,文理コース・健康科学コースの出願要件、配点、面接、実技、実績基準,コース別の評定・欠席要件、750点／1000点の配点、個人面接、健康科学の指定競技実技。,,2026-07-07,confirmed_official_file,
okiko-r8-guidelines,沖縄工業,全学科,令和8年度入学者選抜募集要項,令和8年度,学校募集要項,https://www.okinawa-th.open.ed.jp/2025/12/post-164.html,https://www.okinawa-th.open.ed.jp/deab5c7a533747b75a68f20d0a2cfc2aa6bcfea6.pdf,PDF,1-7,1-7,募集定員・特色選抜・一般選抜,全6学科の募集と提出書類。,2025-12-15,2026-07-07,confirmed_official_file,
okiko-r8-method,沖縄工業,全学科,特色選抜 求める生徒像・選抜方法,令和8年度,学科別特色選抜方法,https://www.okinawa-th.open.ed.jp/2025/12/post-164.html,https://www.okinawa-th.open.ed.jp/8ea22cf3c7454f6bf92556e8fea13255751bddcb.pdf,PDF,1-6,1-6,学科別出願要件・配点・独自検査,学科ごとの評定・欠席要件、600点配点、作文・作図・当日課題等。,2025-12-15,2026-07-07,confirmed_official_file,
okiko-r8-page,沖縄工業,全学科,沖縄工業高校 令和8年度入学者選抜情報,令和8年度,学校公式入試情報ページ,https://www.okinawa-th.open.ed.jp/2025/12/post-164.html,,HTML,,,令和8年度入学者選抜,募集要項、特色選抜方法、判定基準、申告書等の公式入口。,2025-12-15,2026-07-07,confirmed_official_page,
okiko-r8-ranks-source,沖縄工業,全学科,令和8年度特色選抜合否判定基準,令和8年度,特色選抜実績ランク表・合否判定基準,https://www.okinawa-th.open.ed.jp/2025/12/post-164.html,https://www.okinawa-th.open.ed.jp/bb17b5ef82b580912d066f5d453b24e56028193f.pdf,PDF,1,1,特色選抜合否判定基準／特別活動等・資格取得ランク,特別活動等と資格取得をA～Dで評価。大会範囲、役職、英検・漢検・数検の級を明記。,,2026-07-07,confirmed,
pref-r8-capacity,沖縄県教育委員会,全校・全学科,令和8年度県立高等学校募集定員,令和8年度,募集定員一覧,https://www.pref.okinawa.jp/kyoiku/gakko/1008883/1008887/1035054.html,https://www.pref.okinawa.jp/_res/projects/default_project/_page_/001/035/054/08yoko_teiin.pdf,PDF,1-3,1-3,学校別募集定員,学校・学科別の募集定員。,2025-09-01,2026-07-07,confirmed_accessible,
pref-r8-guidelines,沖縄県教育委員会,全校・全学科,令和8年度沖縄県立高等学校全日制・定時制課程入学者選抜実施要項,令和8年度,県実施要項,https://www.pref.okinawa.jp/kyoiku/gakko/1008883/1008887/1035054.html,https://www.pref.okinawa.jp/_res/projects/default_project/_page_/001/035/054/08yoko_h.pdf,PDF,4-6,2-4,一般選抜の出願区域・第二志望・志願変更,同一校の他課程・他学科・他コースを第2志望（コースは第2希望）にできる共通規則。,2025-09-01,2026-07-07,confirmed_accessible,
pref-r8-info-page,沖縄県教育委員会,,令和8年度県立学校入学者選抜（令和7年度実施）,令和8年度,県教育委員会入試情報ページ,https://www.pref.okinawa.jp/kyoiku/gakko/1008883/1008887/1035054.html,,HTML,,,令和8年度県立学校入学者選抜,令和8年度の実施要項、募集定員、募集学校・学科、特色割合・一般比重等への公式入口。,2025-09-01 / 2025-09-09,2026-07-07,confirmed_accessible,
pref-r8-official-list,沖縄県教育委員会,全校・全学科,令和8年度募集学校・学科等一覧,令和8年度,募集学校・学科一覧,https://www.pref.okinawa.jp/kyoiku/gakko/1008883/1008887/1035054.html,https://www.pref.okinawa.jp/_res/projects/default_project/_page_/001/035/054/08bosyu.pdf,PDF,1,1,募集学校・学科等,県立高校の募集対象学校・課程・学科・コースの照合用一覧。,2025-09-01,2026-07-07,confirmed_accessible,
pref-r8-ratio,沖縄県教育委員会,全校・全学科,令和8年度 特色選抜募集人員の割合・特別枠・調査書と学力検査等の比重一覧,令和8年度,県全体一覧,https://www.pref.okinawa.jp/kyoiku/gakko/1008883/1008887/1035054.html,https://www.pref.okinawa.jp/_res/projects/default_project/_page_/001/035/054/08hiju3.pdf,PDF,1-4,1-4,学校・学科・コース別一覧,164学科・コースの定員、特色割合、特別枠、一般選抜比重。,2025-09-09,2026-07-07,confirmed_accessible,割合は「以内」。特別枠の◎はチェック必要、○はチェック不要、×はなし。
pref-r9-info-page,沖縄県教育委員会,,令和9年度県立学校入学者選抜（令和8年度実施）,令和9年度,県教育委員会入試情報ページ,https://www.pref.okinawa.jp/kyoiku/gakko/1008883/1008887/1039961.html,,HTML,,,令和9年度県立学校入学者選抜,令和9年度選抜情報の公開状況。基準日時点では学校説明・体験入学等の情報が中心で、学校別選抜資料は未公表。,2026-05-26,2026-07-07,confirmed_accessible,
school-01-main,辺土名,全学科・コース,令和8年度 辺土名高等学校 学校募集要項,令和8年度,学校募集要項,https://www.hentona-h.open.ed.jp/nyushi.html,https://www.hentona-h.open.ed.jp/R8_Web_HentonaHigh_bosyuyoukou.pdf,PDF,2-6,,募集人員・特色選抜の選抜方法・実績ランク表,学校公式サイトが公開する令和8年度入学者選抜資料。出願要件、選抜方法、活動実績、検査内容等の確認用。,,2026-07-07,confirmed_official_file,PDFページは重要項目で特定できたものをJSON内の項目出典で補足。ページ不明は見出しと資料名で追跡。
school-01-page,辺土名,全学科・コース,令和8年度 辺土名高等学校 学校公式入試情報ページ,令和8年度,学校公式入試情報ページ,https://www.hentona-h.open.ed.jp/nyushi.html,,HTML,,,学校公式入試情報ページ,学校公式サイトが公開する令和8年度入学者選抜資料。出願要件、選抜方法、活動実績、検査内容等の確認用。,,2026-07-07,confirmed_official_page,PDFページは重要項目で特定できたものをJSON内の項目出典で補足。ページ不明は見出しと資料名で追跡。
school-02-main,北山,全学科・コース,令和8年度 北山高等学校 学校募集要項,令和8年度,学校募集要項,https://www.hokuzan-h.open.ed.jp/post-18.html,https://www.hokuzan-h.open.ed.jp/289424ba85b06fa7b7f7d11a29eb57db43e8c1d3.pdf,PDF,18-20,,選抜方法・口頭試問・実績ランク表,学校公式サイトが公開する令和8年度入学者選抜資料。出願要件、選抜方法、活動実績、検査内容等の確認用。,,2026-07-07,confirmed_official_file,PDFページは重要項目で特定できたものをJSON内の項目出典で補足。ページ不明は見出しと資料名で追跡。
school-02-page,北山,全学科・コース,令和8年度 北山高等学校 学校公式入試情報ページ,令和8年度,学校公式入試情報ページ,https://www.hokuzan-h.open.ed.jp/post-18.html,,HTML,,,学校公式入試情報ページ,学校公式サイトが公開する令和8年度入学者選抜資料。出願要件、選抜方法、活動実績、検査内容等の確認用。,,2026-07-07,confirmed_official_page,PDFページは重要項目で特定できたものをJSON内の項目出典で補足。ページ不明は見出しと資料名で追跡。
school-03-criteria_image,本部,全学科・コース,令和8年度 本部高等学校 特色選抜基準・詳細,令和8年度,特色選抜基準・詳細,https://www.motobu-h.open.ed.jp/post.html,https://www.motobu-h.open.ed.jp/R8tokusyokusyousaimotobu.png,PNG,,,特色選抜基準・詳細,学校公式サイトが公開する令和8年度入学者選抜資料。出願要件、選抜方法、活動実績、検査内容等の確認用。,,2026-07-07,confirmed_official_image,PDFページは重要項目で特定できたものをJSON内の項目出典で補足。ページ不明は見出しと資料名で追跡。
school-03-main_image,本部,全学科・コース,令和8年度 本部高等学校 学校募集要項,令和8年度,学校募集要項,https://www.motobu-h.open.ed.jp/post.html,https://www.motobu-h.open.ed.jp/R8bosyuuyoukoumotobu.png,PNG,,,学校募集要項,学校公式サイトが公開する令和8年度入学者選抜資料。出願要件、選抜方法、活動実績、検査内容等の確認用。,,2026-07-07,confirmed_official_image,PDFページは重要項目で特定できたものをJSON内の項目出典で補足。ページ不明は見出しと資料名で追跡。
school-03-page,本部,全学科・コース,令和8年度 本部高等学校 学校公式入試情報ページ,令和8年度,学校公式入試情報ページ,https://www.motobu-h.open.ed.jp/post.html,,HTML,,,学校公式入試情報ページ,学校公式サイトが公開する令和8年度入学者選抜資料。出願要件、選抜方法、活動実績、検査内容等の確認用。,,2026-07-07,confirmed_official_page,PDFページは重要項目で特定できたものをJSON内の項目出典で補足。ページ不明は見出しと資料名で追跡。
school-03-rank_image,本部,全学科・コース,令和8年度 本部高等学校 実績ランク表,令和8年度,実績ランク表,https://www.motobu-h.open.ed.jp/post.html,https://www.motobu-h.open.ed.jp/R8tokusyokurankhyoumotobu.png,PNG,,,実績ランク表,学校公式サイトが公開する令和8年度入学者選抜資料。出願要件、選抜方法、活動実績、検査内容等の確認用。,,2026-07-07,confirmed_official_image,PDFページは重要項目で特定できたものをJSON内の項目出典で補足。ページ不明は見出しと資料名で追跡。
school-04-main,名護,全学科・コース,令和8年度 名護高等学校 学校募集要項,令和8年度,学校募集要項,https://www.nago-h.open.ed.jp/nyusi8.html,https://www.nago-h.open.ed.jp/a58656ce9e702f858f6cbb06c561abdc86524074.pdf,PDF,3-4,,実績証明・実績ランク表,学校公式サイトが公開する令和8年度入学者選抜資料。出願要件、選抜方法、活動実績、検査内容等の確認用。,,2026-07-07,confirmed_official_file,PDFページは重要項目で特定できたものをJSON内の項目出典で補足。ページ不明は見出しと資料名で追跡。
school-04-page,名護,全学科・コース,令和8年度 名護高等学校 学校公式入試情報ページ,令和8年度,学校公式入試情報ページ,https://www.nago-h.open.ed.jp/nyusi8.html,,HTML,,,学校公式入試情報ページ,学校公式サイトが公開する令和8年度入学者選抜資料。出願要件、選抜方法、活動実績、検査内容等の確認用。,,2026-07-07,confirmed_official_page,PDFページは重要項目で特定できたものをJSON内の項目出典で補足。ページ不明は見出しと資料名で追跡。
school-05-main,宜野座,全学科・コース,令和8年度 宜野座高等学校 学校募集要項,令和8年度,学校募集要項,https://www.ginoza-h.open.ed.jp/nyushi.html,https://www.ginoza-h.open.ed.jp/2025/R8ginoza_admission_%20requirements.pdf,PDF,特色選抜詳細部分,,配点・面接・プレゼンテーション,学校公式サイトが公開する令和8年度入学者選抜資料。出願要件、選抜方法、活動実績、検査内容等の確認用。,,2026-07-07,confirmed_official_file,PDFページは重要項目で特定できたものをJSON内の項目出典で補足。ページ不明は見出しと資料名で追跡。
school-05-page,宜野座,全学科・コース,令和8年度 宜野座高等学校 学校公式入試情報ページ,令和8年度,学校公式入試情報ページ,https://www.ginoza-h.open.ed.jp/nyushi.html,,HTML,,,学校公式入試情報ページ,学校公式サイトが公開する令和8年度入学者選抜資料。出願要件、選抜方法、活動実績、検査内容等の確認用。,,2026-07-07,confirmed_official_page,PDFページは重要項目で特定できたものをJSON内の項目出典で補足。ページ不明は見出しと資料名で追跡。
school-06-main,石川,全学科・コース,令和8年度 石川高等学校 学校募集要項,令和8年度,学校募集要項,https://www.ishikawa-h.open.ed.jp/nyuusiR8.html,https://www.ishikawa-h.open.ed.jp/bosyuuyoukou_r8.pdf,PDF,,,学校募集要項,学校公式サイトが公開する令和8年度入学者選抜資料。出願要件、選抜方法、活動実績、検査内容等の確認用。,,2026-07-07,confirmed_official_file,PDFページは重要項目で特定できたものをJSON内の項目出典で補足。ページ不明は見出しと資料名で追跡。
school-06-page,石川,全学科・コース,令和8年度 石川高等学校 学校公式入試情報ページ,令和8年度,学校公式入試情報ページ,https://www.ishikawa-h.open.ed.jp/nyuusiR8.html,,HTML,,,学校公式入試情報ページ,学校公式サイトが公開する令和8年度入学者選抜資料。出願要件、選抜方法、活動実績、検査内容等の確認用。,,2026-07-07,confirmed_official_page,PDFページは重要項目で特定できたものをJSON内の項目出典で補足。ページ不明は見出しと資料名で追跡。
school-07-main,前原,全学科・コース,令和8年度 前原高等学校 学校募集要項,令和8年度,学校募集要項,https://www.maehara-h.open.ed.jp/folder/post-78.html,https://www.maehara-h.open.ed.jp/39d76e2d12f18132e5bd049bbbb286c316f5ead2.pdf,PDF,,,学校募集要項,学校公式サイトが公開する令和8年度入学者選抜資料。出願要件、選抜方法、活動実績、検査内容等の確認用。,,2026-07-07,confirmed_official_file,PDFページは重要項目で特定できたものをJSON内の項目出典で補足。ページ不明は見出しと資料名で追跡。
school-07-page,前原,全学科・コース,令和8年度 前原高等学校 学校公式入試情報ページ,令和8年度,学校公式入試情報ページ,https://www.maehara-h.open.ed.jp/folder/post-78.html,,HTML,,,学校公式入試情報ページ,学校公式サイトが公開する令和8年度入学者選抜資料。出願要件、選抜方法、活動実績、検査内容等の確認用。,,2026-07-07,confirmed_official_page,PDFページは重要項目で特定できたものをJSON内の項目出典で補足。ページ不明は見出しと資料名で追跡。
school-08-main,与勝,全学科・コース,令和8年度 与勝高等学校 学校募集要項,令和8年度,学校募集要項,https://www.yokatsu-h.open.ed.jp/post-9.html,https://www.yokatsu-h.open.ed.jp/d432a581784ca88df4872ce6778ea67a2d97d881.pdf,PDF,特色選抜詳細部分,,出願要件・調査書配点・面接,学校公式サイトが公開する令和8年度入学者選抜資料。出願要件、選抜方法、活動実績、検査内容等の確認用。,,2026-07-07,confirmed_official_file,PDFページは重要項目で特定できたものをJSON内の項目出典で補足。ページ不明は見出しと資料名で追跡。
school-08-page,与勝,全学科・コース,令和8年度 与勝高等学校 学校公式入試情報ページ,令和8年度,学校公式入試情報ページ,https://www.yokatsu-h.open.ed.jp/post-9.html,,HTML,,,学校公式入試情報ページ,学校公式サイトが公開する令和8年度入学者選抜資料。出願要件、選抜方法、活動実績、検査内容等の確認用。,,2026-07-07,confirmed_official_page,PDFページは重要項目で特定できたものをJSON内の項目出典で補足。ページ不明は見出しと資料名で追跡。
school-09-main,読谷,全学科・コース,令和8年度 読谷高等学校 学校募集要項,令和8年度,学校募集要項,https://www.yomitan-h.open.ed.jp/post-2.html,https://www.yomitan-h.open.ed.jp/11ef26436343295858aa645d904f76aa17dbbce2.pdf,PDF,,,学校募集要項,学校公式サイトが公開する令和8年度入学者選抜資料。出願要件、選抜方法、活動実績、検査内容等の確認用。,,2026-07-07,confirmed_official_file,PDFページは重要項目で特定できたものをJSON内の項目出典で補足。ページ不明は見出しと資料名で追跡。
school-09-page,読谷,全学科・コース,令和8年度 読谷高等学校 学校公式入試情報ページ,令和8年度,学校公式入試情報ページ,https://www.yomitan-h.open.ed.jp/post-2.html,,HTML,,,学校公式入試情報ページ,学校公式サイトが公開する令和8年度入学者選抜資料。出願要件、選抜方法、活動実績、検査内容等の確認用。,,2026-07-07,confirmed_official_page,PDFページは重要項目で特定できたものをJSON内の項目出典で補足。ページ不明は見出しと資料名で追跡。
school-10-criteria-detail,嘉手納,全学科・コース,令和8年度 嘉手納高等学校 入学者募集要項（特色選抜詳細）,令和8年度,学校公式特色選抜資料,https://www.kadena-h.open.ed.jp/entrance-exams.html,https://www.kadena-h.open.ed.jp/ea1500e57a4ce0d488487c8edddd5813927122cd.pdf,PDF,,,出願書類・面接・キャリアアップコースの確認,出願書類・面接・キャリアアップコースの確認,,2026-07-07,confirmed_official_file,学校公式資料本文を確認し、JSONの該当項目へ反映。
school-10-main,嘉手納,全学科・コース,令和8年度 嘉手納高等学校 学校募集要項,令和8年度,学校募集要項,https://www.kadena-h.open.ed.jp/entrance-exams.html,https://www.kadena-h.open.ed.jp/ea1500e57a4ce0d488487c8edddd5813927122cd.pdf,PDF,,,学校募集要項,学校公式サイトが公開する令和8年度入学者選抜資料。出願要件、選抜方法、活動実績、検査内容等の確認用。,,2026-07-07,confirmed_official_file,PDFページは重要項目で特定できたものをJSON内の項目出典で補足。ページ不明は見出しと資料名で追跡。
school-10-page,嘉手納,全学科・コース,令和8年度 嘉手納高等学校 学校公式入試情報ページ,令和8年度,学校公式入試情報ページ,https://www.kadena-h.open.ed.jp/entrance-exams.html,,HTML,,,学校公式入試情報ページ,学校公式サイトが公開する令和8年度入学者選抜資料。出願要件、選抜方法、活動実績、検査内容等の確認用。,,2026-07-07,confirmed_official_page,PDFページは重要項目で特定できたものをJSON内の項目出典で補足。ページ不明は見出しと資料名で追跡。
school-11-main,具志川,全学科・コース,令和7年度 具志川高等学校 入学者募集要項,令和7年度,学校募集要項,https://www.gushikawa-h.open.ed.jp/entrance%20exam2025/R7_2Ent-exam.html,https://www.gushikawa-h.open.ed.jp/entrance%20exam2025/r7_bosyuuyoukou.pdf,PDF,,,学校募集要項,学校公式サイトが公開する令和8年度入学者選抜資料。出願要件、選抜方法、活動実績、検査内容等の確認用。,,2026-07-07,confirmed_official_file_prior_year_not_used,ファイル本文は令和7年度。令和8年度レコードの根拠には使用しない。
school-11-page,具志川,全学科・コース,令和8年度 具志川高等学校 学校公式入試情報ページ,令和8年度,学校公式入試情報ページ,https://www.gushikawa-h.open.ed.jp/entrance%20exam2025/R7_2Ent-exam.html,,HTML,,,学校公式入試情報ページ,学校公式サイトが公開する令和8年度入学者選抜資料。出願要件、選抜方法、活動実績、検査内容等の確認用。,,2026-07-07,confirmed_official_page,PDFページは重要項目で特定できたものをJSON内の項目出典で補足。ページ不明は見出しと資料名で追跡。
school-12-criteria-detail,美里,全学科・コース,令和8年度 美里高等学校 特色選抜 求める生徒像・選抜方法,令和8年度,学校公式特色選抜資料,https://www.misato-h.open.ed.jp/nyuushi.html,https://www.misato-h.open.ed.jp/%E4%BB%A4%E5%92%8C8%E5%B9%B4%E5%BA%A6%E7%BE%8E%E9%87%8C%E9%AB%98%E6%A0%A1%E7%89%B9%E8%89%B2%E9%81%B8%E6%8A%9C%E3%80%90%E6%B1%82%E3%82%81%E3%82%8B%E7%94%9F%E5%BE%92%E5%83%8F%E3%83%BB%E9%81%B8%E6%8A%9C%E6%96%B9%E6%B3%95%E3%80%91.pdf,PDF,,,評定・欠席要件、活動配点、個人面接・スピーチ,評定・欠席要件、活動配点、個人面接・スピーチ,,2026-07-07,confirmed_official_file,学校公式資料本文を確認し、JSONの該当項目へ反映。
school-12-main,美里,全学科・コース,令和8年度 美里高等学校 学校募集要項,令和8年度,学校募集要項,https://www.misato-h.open.ed.jp/nyuushi.html,https://www.misato-h.open.ed.jp/%E4%BB%A4%E5%92%8C8%E5%B9%B4%E5%BA%A6%E5%85%A5%E5%AD%A6%E8%80%85%E5%8B%9F%E9%9B%86%E8%A6%81%E9%A0%85.pdf,PDF,,,学校募集要項,学校公式サイトが公開する令和8年度入学者選抜資料。出願要件、選抜方法、活動実績、検査内容等の確認用。,,2026-07-07,confirmed_official_file,PDFページは重要項目で特定できたものをJSON内の項目出典で補足。ページ不明は見出しと資料名で追跡。
school-12-page,美里,全学科・コース,令和8年度 美里高等学校 学校公式入試情報ページ,令和8年度,学校公式入試情報ページ,https://www.misato-h.open.ed.jp/nyuushi.html,,HTML,,,学校公式入試情報ページ,学校公式サイトが公開する令和8年度入学者選抜資料。出願要件、選抜方法、活動実績、検査内容等の確認用。,,2026-07-07,confirmed_official_page,PDFページは重要項目で特定できたものをJSON内の項目出典で補足。ページ不明は見出しと資料名で追跡。
school-13-main,コザ,全学科・コース,令和8年度 コザ高等学校 学校募集要項,令和8年度,学校募集要項,https://www.koza-h.open.ed.jp/zennichi/post-2.html,https://www.koza-h.open.ed.jp/zennichi/shiryou/nyuushi/2025/1R8bosyuuyoukou.pdf,PDF,,,学校募集要項,学校公式サイトが公開する令和8年度入学者選抜資料。出願要件、選抜方法、活動実績、検査内容等の確認用。,,2026-07-07,confirmed_official_file,PDFページは重要項目で特定できたものをJSON内の項目出典で補足。ページ不明は見出しと資料名で追跡。
school-13-page,コザ,全学科・コース,令和8年度 コザ高等学校 学校公式入試情報ページ,令和8年度,学校公式入試情報ページ,https://www.koza-h.open.ed.jp/zennichi/post-2.html,,HTML,,,学校公式入試情報ページ,学校公式サイトが公開する令和8年度入学者選抜資料。出願要件、選抜方法、活動実績、検査内容等の確認用。,,2026-07-07,confirmed_official_page,PDFページは重要項目で特定できたものをJSON内の項目出典で補足。ページ不明は見出しと資料名で追跡。
school-14-main,球陽,全学科・コース,令和8年度 球陽高等学校 学校募集要項,令和8年度,学校募集要項,https://www.kyuyo-h.open.ed.jp/post-24.html,https://www.kyuyo-h.open.ed.jp/ce8a14197d738d0dbb6baa2ee6365ced14c70889.pdf,PDF,,,学校募集要項,学校公式サイトが公開する令和8年度入学者選抜資料。出願要件、選抜方法、活動実績、検査内容等の確認用。,,2026-07-07,confirmed_official_file,PDFページは重要項目で特定できたものをJSON内の項目出典で補足。ページ不明は見出しと資料名で追跡。
school-14-page,球陽,全学科・コース,令和8年度 球陽高等学校 学校公式入試情報ページ,令和8年度,学校公式入試情報ページ,https://www.kyuyo-h.open.ed.jp/post-24.html,,HTML,,,学校公式入試情報ページ,学校公式サイトが公開する令和8年度入学者選抜資料。出願要件、選抜方法、活動実績、検査内容等の確認用。,,2026-07-07,confirmed_official_page,PDFページは重要項目で特定できたものをJSON内の項目出典で補足。ページ不明は見出しと資料名で追跡。
school-15-main,北谷,全学科・コース,令和8年度 北谷高等学校 学校募集要項,令和8年度,学校募集要項,https://www.chatan-h.open.ed.jp/post-2.html,https://www.chatan-h.open.ed.jp/a6eb08e913325beaf6db047ddf2f088188a73ef7.pdf,PDF,特色選抜詳細部分,,アドミッション・ポリシー・出願要件,学校公式サイトが公開する令和8年度入学者選抜資料。出願要件、選抜方法、活動実績、検査内容等の確認用。,,2026-07-07,confirmed_official_file,PDFページは重要項目で特定できたものをJSON内の項目出典で補足。ページ不明は見出しと資料名で追跡。
school-15-page,北谷,全学科・コース,令和8年度 北谷高等学校 学校公式入試情報ページ,令和8年度,学校公式入試情報ページ,https://www.chatan-h.open.ed.jp/post-2.html,,HTML,,,学校公式入試情報ページ,学校公式サイトが公開する令和8年度入学者選抜資料。出願要件、選抜方法、活動実績、検査内容等の確認用。,,2026-07-07,confirmed_official_page,PDFページは重要項目で特定できたものをJSON内の項目出典で補足。ページ不明は見出しと資料名で追跡。
school-16-criteria-detail,北中城,全学科・コース,令和8年度 北中城高等学校 特色選抜 求める生徒像・選抜方法,令和8年度,学校公式特色選抜資料,https://www.kitanaka-h.open.ed.jp/post-13.html,https://www.kitanaka-h.open.ed.jp/19003beaebb9b16d7109d6f3215ee3ee544c1c9d.pdf,PDF,,,特色選抜500点、学力検査250点、調査書等230点、面接等20点,特色選抜500点、学力検査250点、調査書等230点、面接等20点,,2026-07-07,confirmed_official_file,学校公式資料本文を確認し、JSONの該当項目へ反映。
school-16-main,北中城,全学科・コース,令和8年度 北中城高等学校 学校募集要項,令和8年度,学校募集要項,https://www.kitanaka-h.open.ed.jp/post-13.html,https://www.kitanaka-h.open.ed.jp/2025/10/81b3fa794b98bc79cabfa075121fbe80999b9c61.pdf,PDF,,,学校募集要項,学校公式サイトが公開する令和8年度入学者選抜資料。出願要件、選抜方法、活動実績、検査内容等の確認用。,,2026-07-07,confirmed_official_file,PDFページは重要項目で特定できたものをJSON内の項目出典で補足。ページ不明は見出しと資料名で追跡。
school-16-page,北中城,全学科・コース,令和8年度 北中城高等学校 学校公式入試情報ページ,令和8年度,学校公式入試情報ページ,https://www.kitanaka-h.open.ed.jp/post-13.html,,HTML,,,学校公式入試情報ページ,学校公式サイトが公開する令和8年度入学者選抜資料。出願要件、選抜方法、活動実績、検査内容等の確認用。,,2026-07-07,confirmed_official_page,PDFページは重要項目で特定できたものをJSON内の項目出典で補足。ページ不明は見出しと資料名で追跡。
school-17-main,普天間,全学科・コース,令和8年度 普天間高等学校 学校募集要項,令和8年度,学校募集要項,https://www.futenma-h.open.ed.jp/nyushi.html,https://www.futenma-h.open.ed.jp/ebc67c59dd62db4edab52a8b04805032405f7941.pdf,PDF,,,学校募集要項,学校公式サイトが公開する令和8年度入学者選抜資料。出願要件、選抜方法、活動実績、検査内容等の確認用。,,2026-07-07,confirmed_official_file,PDFページは重要項目で特定できたものをJSON内の項目出典で補足。ページ不明は見出しと資料名で追跡。
school-17-page,普天間,全学科・コース,令和8年度 普天間高等学校 学校公式入試情報ページ,令和8年度,学校公式入試情報ページ,https://www.futenma-h.open.ed.jp/nyushi.html,,HTML,,,学校公式入試情報ページ,学校公式サイトが公開する令和8年度入学者選抜資料。出願要件、選抜方法、活動実績、検査内容等の確認用。,,2026-07-07,confirmed_official_page,PDFページは重要項目で特定できたものをJSON内の項目出典で補足。ページ不明は見出しと資料名で追跡。
school-18-info-detail,宜野湾,普通科・情報処理コース,令和8年度 情報処理コース特色選抜詳細,令和8年度,学校別特色選抜詳細,https://www.ginowan-h.open.ed.jp/2025/10/8-3.html,https://www.ginowan-h.open.ed.jp/729403a45a0127196c049d31b34bfde8175abb9a.pdf,PDF,1,1,特色選抜 求める生徒像・選抜方法,学力90、調査書100、面接10、通常枠合計200点。,2025-10-31,2026-07-07,confirmed,
school-18-main,宜野湾,全学科・コース,令和8年度 宜野湾高等学校 学校募集要項,令和8年度,学校募集要項,https://www.ginowan-h.open.ed.jp/nyushi.html,https://www.ginowan-h.open.ed.jp/ed58dbf838cabf3843f1424b02b2b4f9c4c4804c.pdf,PDF,,,学校募集要項,学校公式サイトが公開する令和8年度入学者選抜資料。出願要件、選抜方法、活動実績、検査内容等の確認用。,,2026-07-07,confirmed_official_file,PDFページは重要項目で特定できたものをJSON内の項目出典で補足。ページ不明は見出しと資料名で追跡。
school-18-normal-detail,宜野湾,普通科・普通コース,令和8年度 普通コース特色選抜詳細,令和8年度,学校別特色選抜詳細,https://www.ginowan-h.open.ed.jp/2025/10/8-3.html,https://www.ginowan-h.open.ed.jp/448a225f2e137b5ef80d2437f40cb2a412678f75.pdf,PDF,1,1,特色選抜 求める生徒像・選抜方法,学力90、調査書100、面接10、通常枠合計200点。,2025-10-31,2026-07-07,confirmed,
school-18-page,宜野湾,全学科・コース,令和8年度 宜野湾高等学校 学校公式入試情報ページ,令和8年度,学校公式入試情報ページ,https://www.ginowan-h.open.ed.jp/nyushi.html,,HTML,,,学校公式入試情報ページ,学校公式サイトが公開する令和8年度入学者選抜資料。出願要件、選抜方法、活動実績、検査内容等の確認用。,,2026-07-07,confirmed_official_page,PDFページは重要項目で特定できたものをJSON内の項目出典で補足。ページ不明は見出しと資料名で追跡。
school-18-rank-detail,宜野湾,全コース,令和8年度特色選抜 実績ランク表,令和8年度,特色選抜実績ランク表,https://www.ginowan-h.open.ed.jp/2025/10/8-3.html,https://www.ginowan-h.open.ed.jp/5b090bf1294f94293fab9237536fd331aafaaf79.pdf,PDF,1,1,特色選抜のランク表,文化、スポーツ、社会、ボランティア、資格をA=55、B=45、C=35点で評価。,2025-10-31,2026-07-07,confirmed,
school-18-sports-detail,宜野湾,普通科・スポーツ・健康コース,令和8年度 スポーツ・健康コース特色選抜詳細,令和8年度,学校別特色選抜詳細,https://www.ginowan-h.open.ed.jp/2025/10/8-3.html,https://www.ginowan-h.open.ed.jp/6aa53e1b81d2f8843a212635983e397d7e693c44.pdf,PDF,1,1,特色選抜 求める生徒像・選抜方法,学力120、調査書100、面接10、実技80、合計310点。,2025-10-31,2026-07-07,confirmed,
school-19-main,西原,全学科・コース,令和8年度 西原高等学校 学校募集要項,令和8年度,学校募集要項,https://www.nishihara-h.open.ed.jp/nyuushi.html,https://www.nishihara-h.open.ed.jp/40f271e7c1c2f7da4724be12f4a276590a780ac4.pdf,PDF,,,学校募集要項,学校公式サイトが公開する令和8年度入学者選抜資料。出願要件、選抜方法、活動実績、検査内容等の確認用。,,2026-07-07,confirmed_official_file,PDFページは重要項目で特定できたものをJSON内の項目出典で補足。ページ不明は見出しと資料名で追跡。
school-19-page,西原,全学科・コース,令和8年度 西原高等学校 学校公式入試情報ページ,令和8年度,学校公式入試情報ページ,https://www.nishihara-h.open.ed.jp/nyuushi.html,,HTML,,,学校公式入試情報ページ,学校公式サイトが公開する令和8年度入学者選抜資料。出願要件、選抜方法、活動実績、検査内容等の確認用。,,2026-07-07,confirmed_official_page,PDFページは重要項目で特定できたものをJSON内の項目出典で補足。ページ不明は見出しと資料名で追跡。
school-20-main,浦添,全学科・コース,令和8年度 浦添高等学校 学校募集要項,令和8年度,学校募集要項,https://www.urasoe-h.open.ed.jp/nyuushi.html,https://www.urasoe-h.open.ed.jp/4a858ddf690297f9c5538ff862388fbb98a5a5b1.pdf,PDF,,,学校募集要項,学校公式サイトが公開する令和8年度入学者選抜資料。出願要件、選抜方法、活動実績、検査内容等の確認用。,,2026-07-07,confirmed_official_file,PDFページは重要項目で特定できたものをJSON内の項目出典で補足。ページ不明は見出しと資料名で追跡。
school-20-page,浦添,全学科・コース,令和8年度 浦添高等学校 学校公式入試情報ページ,令和8年度,学校公式入試情報ページ,https://www.urasoe-h.open.ed.jp/nyuushi.html,,HTML,,,学校公式入試情報ページ,学校公式サイトが公開する令和8年度入学者選抜資料。出願要件、選抜方法、活動実績、検査内容等の確認用。,,2026-07-07,confirmed_official_page,PDFページは重要項目で特定できたものをJSON内の項目出典で補足。ページ不明は見出しと資料名で追跡。
school-21-main,那覇国際,全学科・コース,令和8年度 那覇国際高等学校 学校募集要項,令和8年度,学校募集要項,https://www.nahakokusai-h.open.ed.jp/nyushi.html,https://www.nahakokusai-h.open.ed.jp/R8_bosyuyoukou.pdf,PDF,,,学校募集要項,学校公式サイトが公開する令和8年度入学者選抜資料。出願要件、選抜方法、活動実績、検査内容等の確認用。,,2026-07-07,confirmed_official_file,PDFページは重要項目で特定できたものをJSON内の項目出典で補足。ページ不明は見出しと資料名で追跡。
school-21-page,那覇国際,全学科・コース,令和8年度 那覇国際高等学校 学校公式入試情報ページ,令和8年度,学校公式入試情報ページ,https://www.nahakokusai-h.open.ed.jp/nyushi.html,,HTML,,,学校公式入試情報ページ,学校公式サイトが公開する令和8年度入学者選抜資料。出願要件、選抜方法、活動実績、検査内容等の確認用。,,2026-07-07,confirmed_official_page,PDFページは重要項目で特定できたものをJSON内の項目出典で補足。ページ不明は見出しと資料名で追跡。
school-22-criteria-detail,陽明,全学科・コース,令和8年度 陽明高等学校 特色選抜について,令和8年度,学校公式特色選抜資料,https://www.yomei-h.open.ed.jp/nyuushi.html,https://www.yomei-h.open.ed.jp/6b85c5a486f3e91e944f48e2419d92442757924f.pdf,PDF,,,出願要件、活動実績、プレゼンテーション・新体力テスト、集団面接,出願要件、活動実績、プレゼンテーション・新体力テスト、集団面接,,2026-07-07,confirmed_official_file,学校公式資料本文を確認し、JSONの該当項目へ反映。
school-22-main,陽明,全学科・コース,令和8年度 陽明高等学校 学校募集要項,令和8年度,学校募集要項,https://www.yomei-h.open.ed.jp/nyuushi.html,https://www.yomei-h.open.ed.jp/8c3261fd6c7be2a8dbf25ee0aff13aa7aed9c7c9.pdf,PDF,,,学校募集要項,学校公式サイトが公開する令和8年度入学者選抜資料。出願要件、選抜方法、活動実績、検査内容等の確認用。,,2026-07-07,confirmed_official_file,PDFページは重要項目で特定できたものをJSON内の項目出典で補足。ページ不明は見出しと資料名で追跡。
school-22-page,陽明,全学科・コース,令和8年度 陽明高等学校 学校公式入試情報ページ,令和8年度,学校公式入試情報ページ,https://www.yomei-h.open.ed.jp/nyuushi.html,,HTML,,,学校公式入試情報ページ,学校公式サイトが公開する令和8年度入学者選抜資料。出願要件、選抜方法、活動実績、検査内容等の確認用。,,2026-07-07,confirmed_official_page,PDFページは重要項目で特定できたものをJSON内の項目出典で補足。ページ不明は見出しと資料名で追跡。
school-23-criteria,首里,全学科・コース,令和8年度 首里高等学校 特色選抜基準・詳細,令和8年度,特色選抜基準・詳細,https://www.shuri-h.open.ed.jp/post-13.html,https://www.shuri-h.open.ed.jp/02_R8%20tokusyokusennbatukijyun.pdf,PDF,,,特色選抜基準・詳細,学校公式サイトが公開する令和8年度入学者選抜資料。出願要件、選抜方法、活動実績、検査内容等の確認用。,,2026-07-07,confirmed_official_file,PDFページは重要項目で特定できたものをJSON内の項目出典で補足。ページ不明は見出しと資料名で追跡。
school-23-main,首里,全学科・コース,令和8年度 首里高等学校 学校募集要項,令和8年度,学校募集要項,https://www.shuri-h.open.ed.jp/post-13.html,https://www.shuri-h.open.ed.jp/01_R8shurinyugakusennbatuyoukou.pdf,PDF,,,学校募集要項,学校公式サイトが公開する令和8年度入学者選抜資料。出願要件、選抜方法、活動実績、検査内容等の確認用。,,2026-07-07,confirmed_official_file,PDFページは重要項目で特定できたものをJSON内の項目出典で補足。ページ不明は見出しと資料名で追跡。
school-23-page,首里,全学科・コース,令和8年度 首里高等学校 学校公式入試情報ページ,令和8年度,学校公式入試情報ページ,https://www.shuri-h.open.ed.jp/post-13.html,,HTML,,,学校公式入試情報ページ,学校公式サイトが公開する令和8年度入学者選抜資料。出願要件、選抜方法、活動実績、検査内容等の確認用。,,2026-07-07,confirmed_official_page,PDFページは重要項目で特定できたものをJSON内の項目出典で補足。ページ不明は見出しと資料名で追跡。
school-24-main,首里東,全学科・コース,令和8年度 首里東高等学校 学校募集要項,令和8年度,学校募集要項,https://www.shurihigashi-h.open.ed.jp/boshuyoko.html,https://www.shurihigashi-h.open.ed.jp/r8_boshuyoko.pdf,PDF,募集要項本文,,活動証明・面接・一般選抜比重,学校公式サイトが公開する令和8年度入学者選抜資料。出願要件、選抜方法、活動実績、検査内容等の確認用。,,2026-07-07,confirmed_official_file,PDFページは重要項目で特定できたものをJSON内の項目出典で補足。ページ不明は見出しと資料名で追跡。
school-24-page,首里東,全学科・コース,令和8年度 首里東高等学校 学校公式入試情報ページ,令和8年度,学校公式入試情報ページ,https://www.shurihigashi-h.open.ed.jp/boshuyoko.html,,HTML,,,学校公式入試情報ページ,学校公式サイトが公開する令和8年度入学者選抜資料。出願要件、選抜方法、活動実績、検査内容等の確認用。,,2026-07-07,confirmed_official_page,PDFページは重要項目で特定できたものをJSON内の項目出典で補足。ページ不明は見出しと資料名で追跡。
school-25-criteria,開邦,全学科・コース,令和8年度 開邦高等学校 特色選抜基準・詳細,令和8年度,特色選抜基準・詳細,https://www.kaiho-h.open.ed.jp/nyuushi.html,https://www.kaiho-h.open.ed.jp/tokushokugouhihanteikijun.pdf,PDF,,,特色選抜基準・詳細,学校公式サイトが公開する令和8年度入学者選抜資料。出願要件、選抜方法、活動実績、検査内容等の確認用。,,2026-07-07,confirmed_official_file,PDFページは重要項目で特定できたものをJSON内の項目出典で補足。ページ不明は見出しと資料名で追跡。
school-25-main,開邦,全学科・コース,令和8年度 開邦高等学校 学校募集要項,令和8年度,学校募集要項,https://www.kaiho-h.open.ed.jp/nyuushi.html,https://www.kaiho-h.open.ed.jp/R8_nyugakusya_bosyuyoukou_kaiho-h.pdf,PDF,,,学校募集要項,学校公式サイトが公開する令和8年度入学者選抜資料。出願要件、選抜方法、活動実績、検査内容等の確認用。,,2026-07-07,confirmed_official_file,PDFページは重要項目で特定できたものをJSON内の項目出典で補足。ページ不明は見出しと資料名で追跡。
school-25-page,開邦,全学科・コース,令和8年度 開邦高等学校 学校公式入試情報ページ,令和8年度,学校公式入試情報ページ,https://www.kaiho-h.open.ed.jp/nyuushi.html,,HTML,,,学校公式入試情報ページ,学校公式サイトが公開する令和8年度入学者選抜資料。出願要件、選抜方法、活動実績、検査内容等の確認用。,,2026-07-07,confirmed_official_page,PDFページは重要項目で特定できたものをJSON内の項目出典で補足。ページ不明は見出しと資料名で追跡。
school-26-main,那覇,全学科・コース,令和8年度 那覇高等学校 学校募集要項,令和8年度,学校募集要項,https://www.naha-h.open.ed.jp/nyushi.html,https://www.naha-h.open.ed.jp/d436ba21c59932a90a3c08b09186184ba67450e9.pdf,PDF,,,学校募集要項,学校公式サイトが公開する令和8年度入学者選抜資料。出願要件、選抜方法、活動実績、検査内容等の確認用。,,2026-07-07,confirmed_official_file,PDFページは重要項目で特定できたものをJSON内の項目出典で補足。ページ不明は見出しと資料名で追跡。
school-26-page,那覇,全学科・コース,令和8年度 那覇高等学校 学校公式入試情報ページ,令和8年度,学校公式入試情報ページ,https://www.naha-h.open.ed.jp/nyushi.html,,HTML,,,学校公式入試情報ページ,学校公式サイトが公開する令和8年度入学者選抜資料。出願要件、選抜方法、活動実績、検査内容等の確認用。,,2026-07-07,confirmed_official_page,PDFページは重要項目で特定できたものをJSON内の項目出典で補足。ページ不明は見出しと資料名で追跡。
school-27-criteria-detail,真和志,全学科・コース,令和8年度 真和志高等学校 入試合否基準,令和8年度,学校公式特色選抜資料,https://www.mawashi-h.open.ed.jp/nyuushi.html,https://www.mawashi-h.open.ed.jp/0fa83ced76277fb344bd9fb8f2d8e299891c5eed.pdf,PDF,,,評定、活動実績ランク、面接、クリエイティブアーツ実技・ポートフォリオ・プレゼン,評定、活動実績ランク、面接、クリエイティブアーツ実技・ポートフォリオ・プレゼン,,2026-07-07,confirmed_official_file,学校公式資料本文を確認し、JSONの該当項目へ反映。
school-27-main,真和志,全学科・コース,令和8年度 真和志高等学校 学校募集要項,令和8年度,学校募集要項,https://www.mawashi-h.open.ed.jp/nyuushi.html,https://www.mawashi-h.open.ed.jp/5efb2c6d90b62ebff15e1966ff67b4195da5264f.pdf,PDF,,,学校募集要項,学校公式サイトが公開する令和8年度入学者選抜資料。出願要件、選抜方法、活動実績、検査内容等の確認用。,,2026-07-07,confirmed_official_file,PDFページは重要項目で特定できたものをJSON内の項目出典で補足。ページ不明は見出しと資料名で追跡。
school-27-page,真和志,全学科・コース,令和8年度 真和志高等学校 学校公式入試情報ページ,令和8年度,学校公式入試情報ページ,https://www.mawashi-h.open.ed.jp/nyuushi.html,,HTML,,,学校公式入試情報ページ,学校公式サイトが公開する令和8年度入学者選抜資料。出願要件、選抜方法、活動実績、検査内容等の確認用。,,2026-07-07,confirmed_official_page,PDFページは重要項目で特定できたものをJSON内の項目出典で補足。ページ不明は見出しと資料名で追跡。
school-28-criteria-detail,小禄,全学科・コース,令和8年度 小禄高等学校 特色選抜 求める生徒像・選抜方法,令和8年度,学校公式特色選抜資料,https://www.oroku-h.open.ed.jp/post-14.html,https://www.oroku-h.open.ed.jp/03%20R7_tokushokusennbatushousaiban_20251029.pdf,PDF,,,評定要件、実技検査・面接、配点,評定要件、実技検査・面接、配点,,2026-07-07,confirmed_official_file,学校公式資料本文を確認し、JSONの該当項目へ反映。
school-28-main,小禄,全学科・コース,令和8年度 小禄高等学校 学校募集要項,令和8年度,学校募集要項,https://www.oroku-h.open.ed.jp/post-14.html,https://www.oroku-h.open.ed.jp/01%20R7_boshuuyoukou_20251029.pdf,PDF,,,学校募集要項,学校公式サイトが公開する令和8年度入学者選抜資料。出願要件、選抜方法、活動実績、検査内容等の確認用。,,2026-07-07,confirmed_official_file,PDFページは重要項目で特定できたものをJSON内の項目出典で補足。ページ不明は見出しと資料名で追跡。
school-28-page,小禄,全学科・コース,令和8年度 小禄高等学校 学校公式入試情報ページ,令和8年度,学校公式入試情報ページ,https://www.oroku-h.open.ed.jp/post-14.html,,HTML,,,学校公式入試情報ページ,学校公式サイトが公開する令和8年度入学者選抜資料。出願要件、選抜方法、活動実績、検査内容等の確認用。,,2026-07-07,confirmed_official_page,PDFページは重要項目で特定できたものをJSON内の項目出典で補足。ページ不明は見出しと資料名で追跡。
school-29-international-detail,那覇西,国際人文科,令和8年度 国際人文科 特色選抜詳細,令和8年度,学校別特色選抜詳細,https://www.nahanishi-h.open.ed.jp/post-25.html,https://www.nahanishi-h.open.ed.jp/daa6598be97668ed042e7581ae2f221af55289cd.pdf,PDF,1,1,特色選抜 選抜項目・配点,学力420、調査書530、面接50、合計1000点。,,2026-07-07,confirmed,
school-29-main,那覇西,全学科・コース,令和8年度 那覇西高等学校 学校募集要項,令和8年度,学校募集要項,https://www.nahanishi-h.open.ed.jp/post-25.html,https://www.nahanishi-h.open.ed.jp/02a5aef31c023a340259f7ba5bb600c1d2cce9da.pdf,PDF,,,学校募集要項,学校公式サイトが公開する令和8年度入学者選抜資料。出願要件、選抜方法、活動実績、検査内容等の確認用。,,2026-07-07,confirmed_official_file,PDFページは重要項目で特定できたものをJSON内の項目出典で補足。ページ不明は見出しと資料名で追跡。
school-29-ordinary-detail,那覇西,普通科,令和8年度 普通科 特色選抜詳細,令和8年度,学校別特色選抜詳細,https://www.nahanishi-h.open.ed.jp/post-25.html,https://www.nahanishi-h.open.ed.jp/d42d5c0910e4c11e0ec92f356fb33e2c3e893964.pdf,PDF,1,1,特色選抜 選抜項目・配点,学力400、調査書550、面接50、合計1000点。,,2026-07-07,confirmed,
school-29-page,那覇西,全学科・コース,令和8年度 那覇西高等学校 学校公式入試情報ページ,令和8年度,学校公式入試情報ページ,https://www.nahanishi-h.open.ed.jp/post-25.html,,HTML,,,学校公式入試情報ページ,学校公式サイトが公開する令和8年度入学者選抜資料。出願要件、選抜方法、活動実績、検査内容等の確認用。,,2026-07-07,confirmed_official_page,PDFページは重要項目で特定できたものをJSON内の項目出典で補足。ページ不明は見出しと資料名で追跡。
school-29-rank-detail,那覇西,全学科,令和8年度特色選抜 実績ランク表,令和8年度,特色選抜実績ランク表,https://www.nahanishi-h.open.ed.jp/post-25.html,https://www.nahanishi-h.open.ed.jp/9f4855dbcc671ebab60ac8d1b8a9514cff16d5f5.pdf,PDF,1-3,1-3,普通科・国際人文科・体育科 実績ランク表,3学科それぞれの文化・スポーツ・資格・英語・部活動実績基準。,,2026-07-07,confirmed,
school-29-sports-detail,那覇西,体育科,令和8年度 体育科 特色選抜詳細,令和8年度,学校別特色選抜詳細,https://www.nahanishi-h.open.ed.jp/post-25.html,https://www.nahanishi-h.open.ed.jp/c1e3e173b4caea32bd00edcb82fa5b6ca3b315a8.pdf,PDF,1,1,特色選抜 選抜項目・配点,学力250、調査書300、面接50、実技400、合計1000点。,,2026-07-07,confirmed,
school-30-main,豊見城,全学科・コース,令和8年度 豊見城高等学校 学校募集要項,令和8年度,学校募集要項,https://www.tomishiro-h.open.ed.jp/nyuushi.html,https://www.tomishiro-h.open.ed.jp/a543b2d4a222c183e5df5343fbc9ae32bca977fd.pdf,PDF,6,5-6,特色選抜の選抜方法・配点,学力検査250点、評定135点、特別活動・部活動・資格各40点、合計505点。面接なし。,,2026-07-07,confirmed_official_file,PDFページは重要項目で特定できたものをJSON内の項目出典で補足。ページ不明は見出しと資料名で追跡。
school-30-page,豊見城,全学科・コース,令和8年度 豊見城高等学校 学校公式入試情報ページ,令和8年度,学校公式入試情報ページ,https://www.tomishiro-h.open.ed.jp/nyuushi.html,,HTML,,,学校公式入試情報ページ,学校公式サイトが公開する令和8年度入学者選抜資料。出願要件、選抜方法、活動実績、検査内容等の確認用。,,2026-07-07,confirmed_official_page,PDFページは重要項目で特定できたものをJSON内の項目出典で補足。ページ不明は見出しと資料名で追跡。
school-31-page,豊見城南,全学科・コース,令和8年度 豊見城南高等学校 学校公式サイト・入試資料入口,令和8年度,学校公式入試情報ページ,https://www.tominan-h.open.ed.jp/,,HTML,,,学校公式入試情報ページ,学校公式サイトが公開する令和8年度入学者選抜資料。出願要件、選抜方法、活動実績、検査内容等の確認用。,,2026-07-07,confirmed_official_page,PDFページは重要項目で特定できたものをJSON内の項目出典で補足。ページ不明は見出しと資料名で追跡。
school-32-criteria-detail,南風原,全学科・コース,令和8年度 南風原高等学校 入学者選抜基準,令和8年度,学校公式特色選抜資料,https://www.haebaru-h.open.ed.jp/nyushi.html,https://www.haebaru-h.open.ed.jp/6232965347a63355246b539322113214f8cd460b.pdf,PDF,1-2,18-19,特色選抜ランク表・一般選抜基準,特A～Dの実績点、資格級、郷土文化実技、一般選抜5:5。項目別総合配点は掲載なし。,,2026-07-07,confirmed_official_file,学校公式資料本文を確認し、JSONの該当項目へ反映。
school-32-main,南風原,全学科・コース,令和8年度 南風原高等学校 学校募集要項,令和8年度,学校募集要項,https://www.haebaru-h.open.ed.jp/nyushi.html,https://www.haebaru-h.open.ed.jp/05bfac5d371a02d3b9731e52c66f7b1afa6ecfc1.pdf,PDF,特色選抜詳細部分,,活動実績・証明書類,学校公式サイトが公開する令和8年度入学者選抜資料。出願要件、選抜方法、活動実績、検査内容等の確認用。,,2026-07-07,confirmed_official_file,PDFページは重要項目で特定できたものをJSON内の項目出典で補足。ページ不明は見出しと資料名で追跡。
school-32-page,南風原,全学科・コース,令和8年度 南風原高等学校 学校公式入試情報ページ,令和8年度,学校公式入試情報ページ,https://www.haebaru-h.open.ed.jp/nyushi.html,,HTML,,,学校公式入試情報ページ,学校公式サイトが公開する令和8年度入学者選抜資料。出願要件、選抜方法、活動実績、検査内容等の確認用。,,2026-07-07,confirmed_official_page,PDFページは重要項目で特定できたものをJSON内の項目出典で補足。ページ不明は見出しと資料名で追跡。
school-33-criteria-detail,向陽,全学科,令和8年度特色選抜 求める生徒像・選抜方法・実績基準,令和8年度,学校別特色選抜詳細,https://www.koyo-h.open.ed.jp/nyushi.html,https://www.koyo-h.open.ed.jp/d10abb1b1e4b7b0fa41d729ebfa71ed345a5911c.pdf,PDF,1-5,1-5,特色選抜 選抜項目・配点,学力250、調査書245、面接5、合計500点。学科別の評定要件を明示。,,2026-07-07,confirmed,
school-33-main,向陽,全学科・コース,令和8年度 向陽高等学校 学校募集要項,令和8年度,学校募集要項,https://www.koyo-h.open.ed.jp/nyushi.html,https://www.koyo-h.open.ed.jp/b7804d607c25a2260274f0bcba4b4efadb50b775.pdf,PDF,,,学校募集要項,学校公式サイトが公開する令和8年度入学者選抜資料。出願要件、選抜方法、活動実績、検査内容等の確認用。,,2026-07-07,confirmed_official_file,PDFページは重要項目で特定できたものをJSON内の項目出典で補足。ページ不明は見出しと資料名で追跡。
school-33-page,向陽,全学科・コース,令和8年度 向陽高等学校 学校公式入試情報ページ,令和8年度,学校公式入試情報ページ,https://www.koyo-h.open.ed.jp/nyushi.html,,HTML,,,学校公式入試情報ページ,学校公式サイトが公開する令和8年度入学者選抜資料。出願要件、選抜方法、活動実績、検査内容等の確認用。,,2026-07-07,confirmed_official_page,PDFページは重要項目で特定できたものをJSON内の項目出典で補足。ページ不明は見出しと資料名で追跡。
school-33-rank-detail,向陽,全学科,令和8年度特色選抜 活動実績・資格評価基準,令和8年度,特色選抜実績ランク表,https://www.koyo-h.open.ed.jp/nyushi.html,https://www.koyo-h.open.ed.jp/d10abb1b1e4b7b0fa41d729ebfa71ed345a5911c.pdf,PDF,2-5,2-5,活動実績・資格・特別活動の評価目安,文化、スポーツ、社会活動、資格、特別活動をA～Cで整理。,,2026-07-07,confirmed,
school-34-criteria,知念,全学科・コース,令和8年度 知念高等学校 特色選抜基準・詳細,令和8年度,特色選抜基準・詳細,https://www.chinen-h.open.ed.jp/nyushi.html,https://www.chinen-h.open.ed.jp/nyushi_26_senbatsukijyun.pdf,PDF,,,特色選抜基準・詳細,学校公式サイトが公開する令和8年度入学者選抜資料。出願要件、選抜方法、活動実績、検査内容等の確認用。,,2026-07-07,confirmed_official_file,PDFページは重要項目で特定できたものをJSON内の項目出典で補足。ページ不明は見出しと資料名で追跡。
school-34-main,知念,全学科・コース,令和8年度 知念高等学校 学校募集要項,令和8年度,学校募集要項,https://www.chinen-h.open.ed.jp/nyushi.html,https://www.chinen-h.open.ed.jp/nyushi_26_boshuyoko.pdf,PDF,,,学校募集要項,学校公式サイトが公開する令和8年度入学者選抜資料。出願要件、選抜方法、活動実績、検査内容等の確認用。,,2026-07-07,confirmed_official_file,PDFページは重要項目で特定できたものをJSON内の項目出典で補足。ページ不明は見出しと資料名で追跡。
school-34-page,知念,全学科・コース,令和8年度 知念高等学校 学校公式入試情報ページ,令和8年度,学校公式入試情報ページ,https://www.chinen-h.open.ed.jp/nyushi.html,,HTML,,,学校公式入試情報ページ,学校公式サイトが公開する令和8年度入学者選抜資料。出願要件、選抜方法、活動実績、検査内容等の確認用。,,2026-07-07,confirmed_official_page,PDFページは重要項目で特定できたものをJSON内の項目出典で補足。ページ不明は見出しと資料名で追跡。
school-35-main,糸満,全学科・コース,令和8年度 糸満高等学校 学校募集要項,令和8年度,学校募集要項,https://www.itoman-h.open.ed.jp/nyuushi.html,https://www.itoman-h.open.ed.jp/01_%E4%BB%A4%E5%92%8C8%E5%B9%B4%E5%BA%A6_%E7%B3%B8%E6%BA%80%E9%AB%98%E6%A0%A1%E5%85%A5%E8%A9%A6%E9%81%B8%E6%8A%9C%E5%8B%9F%E9%9B%86%E8%A6%81%E9%A0%85.pdf,PDF,,,学校募集要項,学校公式サイトが公開する令和8年度入学者選抜資料。出願要件、選抜方法、活動実績、検査内容等の確認用。,,2026-07-07,confirmed_official_file,PDFページは重要項目で特定できたものをJSON内の項目出典で補足。ページ不明は見出しと資料名で追跡。
school-35-page,糸満,全学科・コース,令和8年度 糸満高等学校 学校公式入試情報ページ,令和8年度,学校公式入試情報ページ,https://www.itoman-h.open.ed.jp/nyuushi.html,,HTML,,,学校公式入試情報ページ,学校公式サイトが公開する令和8年度入学者選抜資料。出願要件、選抜方法、活動実績、検査内容等の確認用。,,2026-07-07,confirmed_official_page,PDFページは重要項目で特定できたものをJSON内の項目出典で補足。ページ不明は見出しと資料名で追跡。
school-35-page2-detail,糸満,全学科・コース,令和8年度 糸満高等学校 特色選抜関連資料一覧,令和8年度,学校公式入試情報ページ,https://www.itoman-h.open.ed.jp/nyuushi.html,,HTML,,,募集要項、求める生徒像、実績ランク、特別枠申請書、一般選抜方法,募集要項、求める生徒像、実績ランク、特別枠申請書、一般選抜方法,,2026-07-07,confirmed_official_page,学校公式資料本文を確認し、JSONの該当項目へ反映。
school-36-main,久米島,全学科・コース,令和8年度 久米島高等学校 学校募集要項,令和8年度,学校募集要項,https://www.kumejima-h.open.ed.jp/post-17.html,https://www.kumejima-h.open.ed.jp/r7/pdf/notice/r8_bosyuyoukou.pdf,PDF,,,学校募集要項,学校公式サイトが公開する令和8年度入学者選抜資料。出願要件、選抜方法、活動実績、検査内容等の確認用。,,2026-07-07,confirmed_official_file,PDFページは重要項目で特定できたものをJSON内の項目出典で補足。ページ不明は見出しと資料名で追跡。
school-36-page,久米島,全学科・コース,令和8年度 久米島高等学校 学校公式入試情報ページ,令和8年度,学校公式入試情報ページ,https://www.kumejima-h.open.ed.jp/post-17.html,,HTML,,,学校公式入試情報ページ,学校公式サイトが公開する令和8年度入学者選抜資料。出願要件、選抜方法、活動実績、検査内容等の確認用。,,2026-07-07,confirmed_official_page,PDFページは重要項目で特定できたものをJSON内の項目出典で補足。ページ不明は見出しと資料名で追跡。
school-37-main,宮古,全学科・コース,令和8年度 宮古高等学校 学校募集要項,令和8年度,学校募集要項,https://www.miyako-h.open.ed.jp/nyuushi.html,https://www.miyako-h.open.ed.jp/9b0154e9abceec6e79923aebfa015996999b3113.pdf,PDF,,,学校募集要項,学校公式サイトが公開する令和8年度入学者選抜資料。出願要件、選抜方法、活動実績、検査内容等の確認用。,,2026-07-07,confirmed_official_file,PDFページは重要項目で特定できたものをJSON内の項目出典で補足。ページ不明は見出しと資料名で追跡。
school-37-page,宮古,全学科・コース,令和8年度 宮古高等学校 学校公式入試情報ページ,令和8年度,学校公式入試情報ページ,https://www.miyako-h.open.ed.jp/nyuushi.html,,HTML,,,学校公式入試情報ページ,学校公式サイトが公開する令和8年度入学者選抜資料。出願要件、選抜方法、活動実績、検査内容等の確認用。,,2026-07-07,confirmed_official_page,PDFページは重要項目で特定できたものをJSON内の項目出典で補足。ページ不明は見出しと資料名で追跡。
school-38-main,八重山,全学科・コース,令和8年度 八重山高等学校 学校募集要項,令和8年度,学校募集要項,https://www.yaeyama-h.open.ed.jp/nyuushi.html,https://www.yaeyama-h.open.ed.jp/570985b0627e17eebf792916fe6a62756a3b9a13.pdf,PDF,特色選抜詳細部分,,普通科・文理探究科の独自検査,学校公式サイトが公開する令和8年度入学者選抜資料。出願要件、選抜方法、活動実績、検査内容等の確認用。,,2026-07-07,confirmed_official_file,PDFページは重要項目で特定できたものをJSON内の項目出典で補足。ページ不明は見出しと資料名で追跡。
school-38-page,八重山,全学科・コース,令和8年度 八重山高等学校 学校公式入試情報ページ,令和8年度,学校公式入試情報ページ,https://www.yaeyama-h.open.ed.jp/nyuushi.html,,HTML,,,学校公式入試情報ページ,学校公式サイトが公開する令和8年度入学者選抜資料。出願要件、選抜方法、活動実績、検査内容等の確認用。,,2026-07-07,confirmed_official_page,PDFページは重要項目で特定できたものをJSON内の項目出典で補足。ページ不明は見出しと資料名で追跡。
school-39-criteria,北部農林,全学科・コース,令和8年度 北部農林高等学校 特色選抜基準・詳細,令和8年度,特色選抜基準・詳細,https://www.hokubu-ah.open.ed.jp/nyuushi.html,https://www.hokubu-ah.open.ed.jp/00d465dc55778240a1e84a3bc1decdfbf82738b6.pdf,PDF,,,特色選抜基準・詳細,学校公式サイトが公開する令和8年度入学者選抜資料。出願要件、選抜方法、活動実績、検査内容等の確認用。,,2026-07-07,confirmed_official_file,PDFページは重要項目で特定できたものをJSON内の項目出典で補足。ページ不明は見出しと資料名で追跡。
school-39-criteria2-detail,北部農林,全学科・コース,令和8年度 北部農林高等学校 合否判定に関する資料,令和8年度,学校公式特色選抜資料,https://www.hokubu-ah.open.ed.jp/nyuushi.html,https://www.hokubu-ah.open.ed.jp/00d465dc55778240a1e84a3bc1decdfbf82738b6.pdf,PDF,,,学科別出願要件、配点、面接・プレゼン・作文、実績ランク,学科別出願要件、配点、面接・プレゼン・作文、実績ランク,,2026-07-07,confirmed_official_file,学校公式資料本文を確認し、JSONの該当項目へ反映。
school-39-main,北部農林,全学科・コース,令和8年度 北部農林高等学校 学校募集要項,令和8年度,学校募集要項,https://www.hokubu-ah.open.ed.jp/nyuushi.html,https://www.hokubu-ah.open.ed.jp/66fb2fb13c144d84ec3449c3570ea492e2255f83.pdf,PDF,,,学校募集要項,学校公式サイトが公開する令和8年度入学者選抜資料。出願要件、選抜方法、活動実績、検査内容等の確認用。,,2026-07-07,confirmed_official_file,PDFページは重要項目で特定できたものをJSON内の項目出典で補足。ページ不明は見出しと資料名で追跡。
school-39-page,北部農林,全学科・コース,令和8年度 北部農林高等学校 学校公式入試情報ページ,令和8年度,学校公式入試情報ページ,https://www.hokubu-ah.open.ed.jp/nyuushi.html,,HTML,,,学校公式入試情報ページ,学校公式サイトが公開する令和8年度入学者選抜資料。出願要件、選抜方法、活動実績、検査内容等の確認用。,,2026-07-07,confirmed_official_page,PDFページは重要項目で特定できたものをJSON内の項目出典で補足。ページ不明は見出しと資料名で追跡。
school-40-page,中部農林,全学科・コース,令和8年度 中部農林高等学校 学校公式入試情報ページ,令和8年度,学校公式入試情報ページ,https://www.chubu-ah.open.ed.jp/nyuushi.html,,HTML,,,学校公式入試情報ページ,学校公式サイトが公開する令和8年度入学者選抜資料。出願要件、選抜方法、活動実績、検査内容等の確認用。,,2026-07-07,confirmed_official_page,PDFページは重要項目で特定できたものをJSON内の項目出典で補足。ページ不明は見出しと資料名で追跡。
school-41-criteria,南部農林,全学科・コース,令和8年度 南部農林高等学校 特色選抜基準・詳細,令和8年度,特色選抜基準・詳細,https://www.nanbu-ah.open.ed.jp/post-21.html,https://www.nanbu-ah.open.ed.jp/b32c82d30611e49f2ce6bf4e6c7c4a3b01ac264d.pdf,PDF,,,特色選抜基準・詳細,学校公式サイトが公開する令和8年度入学者選抜資料。出願要件、選抜方法、活動実績、検査内容等の確認用。,,2026-07-07,confirmed_official_file,PDFページは重要項目で特定できたものをJSON内の項目出典で補足。ページ不明は見出しと資料名で追跡。
school-41-main,南部農林,全学科・コース,令和8年度 南部農林高等学校 学校募集要項,令和8年度,学校募集要項,https://www.nanbu-ah.open.ed.jp/post-21.html,https://www.nanbu-ah.open.ed.jp/7dff0f45e6cebab212d2bf81f03a7aa7b5aa3cfb.pdf,PDF,,,学校募集要項,学校公式サイトが公開する令和8年度入学者選抜資料。出願要件、選抜方法、活動実績、検査内容等の確認用。,,2026-07-07,confirmed_official_file,PDFページは重要項目で特定できたものをJSON内の項目出典で補足。ページ不明は見出しと資料名で追跡。
school-41-page,南部農林,全学科・コース,令和8年度 南部農林高等学校 学校公式入試情報ページ,令和8年度,学校公式入試情報ページ,https://www.nanbu-ah.open.ed.jp/post-21.html,,HTML,,,学校公式入試情報ページ,学校公式サイトが公開する令和8年度入学者選抜資料。出願要件、選抜方法、活動実績、検査内容等の確認用。,,2026-07-07,confirmed_official_page,PDFページは重要項目で特定できたものをJSON内の項目出典で補足。ページ不明は見出しと資料名で追跡。
school-42-main,八重山農林,全学科・コース,令和8年度 八重山農林高等学校 学校募集要項,令和8年度,学校募集要項,https://www.yaeyama-ah.open.ed.jp/post-10.html,https://www.yaeyama-ah.open.ed.jp/2025_bosyuyoukou.pdf,PDF,特色選抜詳細部分,,学校独自検査・作文・配点,学校公式サイトが公開する令和8年度入学者選抜資料。出願要件、選抜方法、活動実績、検査内容等の確認用。,,2026-07-07,confirmed_official_file,PDFページは重要項目で特定できたものをJSON内の項目出典で補足。ページ不明は見出しと資料名で追跡。
school-42-page,八重山農林,全学科・コース,令和8年度 八重山農林高等学校 学校公式入試情報ページ,令和8年度,学校公式入試情報ページ,https://www.yaeyama-ah.open.ed.jp/post-10.html,,HTML,,,学校公式入試情報ページ,学校公式サイトが公開する令和8年度入学者選抜資料。出願要件、選抜方法、活動実績、検査内容等の確認用。,,2026-07-07,confirmed_official_page,PDFページは重要項目で特定できたものをJSON内の項目出典で補足。ページ不明は見出しと資料名で追跡。
school-43-page,美来工科,全学科・コース,令和8年度 美来工科高等学校 学校公式入試情報ページ,令和8年度,学校公式入試情報ページ,https://www.mirai-th.open.ed.jp/nyushi.html,,HTML,,,学校公式入試情報ページ,学校公式サイトが公開する令和8年度入学者選抜資料。出願要件、選抜方法、活動実績、検査内容等の確認用。,,2026-07-07,confirmed_official_page,PDFページは重要項目で特定できたものをJSON内の項目出典で補足。ページ不明は見出しと資料名で追跡。
school-44-criteria-detail,美里工業,全学科・コース,令和8年度 美里工業高等学校 特色選抜出願要件及び選抜方法,令和8年度,学校公式特色選抜資料,https://www.misato-th.open.ed.jp/nyushi.html,https://www.misato-th.open.ed.jp/R8tokusyoku-01.pdf,PDF,,,学科別評定要件、活動実績、証明資料,学科別評定要件、活動実績、証明資料,,2026-07-07,confirmed_official_file,学校公式資料本文を確認し、JSONの該当項目へ反映。
school-44-main,美里工業,全学科・コース,令和8年度 美里工業高等学校 学校募集要項,令和8年度,学校募集要項,https://www.misato-th.open.ed.jp/nyushi.html,https://www.misato-th.open.ed.jp/R8Nyusibosyuyokou.pdf,PDF,,,学校募集要項,学校公式サイトが公開する令和8年度入学者選抜資料。出願要件、選抜方法、活動実績、検査内容等の確認用。,,2026-07-07,confirmed_official_file,PDFページは重要項目で特定できたものをJSON内の項目出典で補足。ページ不明は見出しと資料名で追跡。
school-44-page,美里工業,全学科・コース,令和8年度 美里工業高等学校 学校公式入試情報ページ,令和8年度,学校公式入試情報ページ,https://www.misato-th.open.ed.jp/nyushi.html,,HTML,,,学校公式入試情報ページ,学校公式サイトが公開する令和8年度入学者選抜資料。出願要件、選抜方法、活動実績、検査内容等の確認用。,,2026-07-07,confirmed_official_page,PDFページは重要項目で特定できたものをJSON内の項目出典で補足。ページ不明は見出しと資料名で追跡。
school-45-criteria,浦添工業,全学科・コース,令和8年度 浦添工業高等学校 特色選抜基準・詳細,令和8年度,特色選抜基準・詳細,https://www.urasoe-th.open.ed.jp/post.html,https://www.urasoe-th.open.ed.jp/dc14be87649e6859b1fd1e8eb5119fe44a6e0b99.pdf,PDF,,,特色選抜基準・詳細,学校公式サイトが公開する令和8年度入学者選抜資料。出願要件、選抜方法、活動実績、検査内容等の確認用。,,2026-07-07,confirmed_official_file,PDFページは重要項目で特定できたものをJSON内の項目出典で補足。ページ不明は見出しと資料名で追跡。
school-45-main,浦添工業,全学科・コース,令和8年度 浦添工業高等学校 学校募集要項,令和8年度,学校募集要項,https://www.urasoe-th.open.ed.jp/post.html,https://www.urasoe-th.open.ed.jp/e602e16d98ea2f21c5799a8bb38dad15dc609e21.pdf,PDF,,,学校募集要項,学校公式サイトが公開する令和8年度入学者選抜資料。出願要件、選抜方法、活動実績、検査内容等の確認用。,,2026-07-07,confirmed_official_file,PDFページは重要項目で特定できたものをJSON内の項目出典で補足。ページ不明は見出しと資料名で追跡。
school-45-page,浦添工業,全学科・コース,令和8年度 浦添工業高等学校 学校公式入試情報ページ,令和8年度,学校公式入試情報ページ,https://www.urasoe-th.open.ed.jp/post.html,,HTML,,,学校公式入試情報ページ,学校公式サイトが公開する令和8年度入学者選抜資料。出願要件、選抜方法、活動実績、検査内容等の確認用。,,2026-07-07,confirmed_official_page,PDFページは重要項目で特定できたものをJSON内の項目出典で補足。ページ不明は見出しと資料名で追跡。
school-46-main,那覇工業,全学科・コース,令和8年度 那覇工業高等学校 学校募集要項,令和8年度,学校募集要項,https://www.naha-th.open.ed.jp/2025/10/r820251021.html,https://www.naha-th.open.ed.jp/5fb1f6acaf141e1bff69f839d1d7c3cdc091150c.pdf,PDF,,,学校募集要項,学校公式サイトが公開する令和8年度入学者選抜資料。出願要件、選抜方法、活動実績、検査内容等の確認用。,,2026-07-07,confirmed_official_file,PDFページは重要項目で特定できたものをJSON内の項目出典で補足。ページ不明は見出しと資料名で追跡。
school-46-page,那覇工業,全学科・コース,令和8年度 那覇工業高等学校 学校公式入試情報ページ,令和8年度,学校公式入試情報ページ,https://www.naha-th.open.ed.jp/2025/10/r820251021.html,,HTML,,,学校公式入試情報ページ,学校公式サイトが公開する令和8年度入学者選抜資料。出願要件、選抜方法、活動実績、検査内容等の確認用。,,2026-07-07,confirmed_official_page,PDFページは重要項目で特定できたものをJSON内の項目出典で補足。ページ不明は見出しと資料名で追跡。
school-47-main,沖縄工業,全学科・コース,令和8年度 沖縄工業高等学校 学校募集要項,令和8年度,学校募集要項,https://www.okinawa-th.open.ed.jp/2025/12/post-164.html,https://www.okinawa-th.open.ed.jp/deab5c7a533747b75a68f20d0a2cfc2aa6bcfea6.pdf,PDF,,,学校募集要項,学校公式サイトが公開する令和8年度入学者選抜資料。出願要件、選抜方法、活動実績、検査内容等の確認用。,,2026-07-07,confirmed_official_file,PDFページは重要項目で特定できたものをJSON内の項目出典で補足。ページ不明は見出しと資料名で追跡。
school-47-page,沖縄工業,全学科・コース,令和8年度 沖縄工業高等学校 学校公式入試情報ページ,令和8年度,学校公式入試情報ページ,https://www.okinawa-th.open.ed.jp/2025/12/post-164.html,,HTML,,,学校公式入試情報ページ,学校公式サイトが公開する令和8年度入学者選抜資料。出願要件、選抜方法、活動実績、検査内容等の確認用。,,2026-07-07,confirmed_official_page,PDFページは重要項目で特定できたものをJSON内の項目出典で補足。ページ不明は見出しと資料名で追跡。
school-48-main,南部工業,全学科・コース,令和8年度 南部工業高等学校 学校募集要項,令和8年度,学校募集要項,https://www.nanbu-th.open.ed.jp/2025/10/post-8.html,https://www.nanbu-th.open.ed.jp/9f86da1918b205ed08cbff5df8ac5b7173ebb9d2.pdf,PDF,特色選抜詳細部分,,出願要件・作文,学校公式サイトが公開する令和8年度入学者選抜資料。出願要件、選抜方法、活動実績、検査内容等の確認用。,,2026-07-07,confirmed_official_file,PDFページは重要項目で特定できたものをJSON内の項目出典で補足。ページ不明は見出しと資料名で追跡。
school-48-page,南部工業,全学科・コース,令和8年度 南部工業高等学校 学校公式入試情報ページ,令和8年度,学校公式入試情報ページ,https://www.nanbu-th.open.ed.jp/2025/10/post-8.html,,HTML,,,学校公式入試情報ページ,学校公式サイトが公開する令和8年度入学者選抜資料。出願要件、選抜方法、活動実績、検査内容等の確認用。,,2026-07-07,confirmed_official_page,PDFページは重要項目で特定できたものをJSON内の項目出典で補足。ページ不明は見出しと資料名で追跡。
school-48-scoring-detail,南部工業,全学科・コース,令和8年度特色選抜 選抜基準・学科別詳細,令和8年度,学校別特色選抜詳細,https://www.nanbu-th.open.ed.jp/2025/10/8.html,https://www.nanbu-th.open.ed.jp/0382bde8f65ab754d7986218e049265db9e46dcd.pdf,PDF,1-4,1-4,特色選抜 選抜項目・配点,全学科・コース共通で学力250、調査書200、作文30、面接20、合計500点。,2025-10-29,2026-07-07,confirmed,活動実績50点のランク別詳細は公表資料で確認できず。
school-49-criteria,宮古工業,全学科・コース,令和8年度 宮古工業高等学校 特色選抜基準・詳細,令和8年度,特色選抜基準・詳細,https://www.miyako-th.open.ed.jp/post.html,https://www.miyako-th.open.ed.jp/297c3630f2d5da73564253705627f773dd421eac.pdf,PDF,1-3,1-3,特色選抜 学科別基準・配点,全学科共通で学力250、調査書300、個人面接50、合計600点。活動実績は75点×最大2項目。,,2026-07-07,confirmed,ランク別・資格級別の点数表は公表資料で確認できず。
school-49-main,宮古工業,全学科・コース,令和8年度 宮古工業高等学校 学校募集要項,令和8年度,学校募集要項,https://www.miyako-th.open.ed.jp/post.html,https://www.miyako-th.open.ed.jp/c9dd4245832de1865572f0808cd335e2b8391480.pdf,PDF,特色選抜詳細部分,,独自検査・面接,学校公式サイトが公開する令和8年度入学者選抜資料。出願要件、選抜方法、活動実績、検査内容等の確認用。,,2026-07-07,confirmed_official_file,PDFページは重要項目で特定できたものをJSON内の項目出典で補足。ページ不明は見出しと資料名で追跡。
school-49-page,宮古工業,全学科・コース,令和8年度 宮古工業高等学校 学校公式入試情報ページ,令和8年度,学校公式入試情報ページ,https://www.miyako-th.open.ed.jp/post.html,,HTML,,,学校公式入試情報ページ,学校公式サイトが公開する令和8年度入学者選抜資料。出願要件、選抜方法、活動実績、検査内容等の確認用。,,2026-07-07,confirmed_official_page,PDFページは重要項目で特定できたものをJSON内の項目出典で補足。ページ不明は見出しと資料名で追跡。
school-50-criteria-detail,名護商工,全学科・コース,令和8年度 名護商工高等学校 入学者選抜基準,令和8年度,学校公式特色選抜資料,https://www.nago-th.open.ed.jp/2025/11/post-52.html,https://www.nago-th.open.ed.jp/2025/R8senbatsukijun.pdf,PDF,,,学力検査、面接、学校独自検査等による選抜,学力検査、面接、学校独自検査等による選抜,,2026-07-07,confirmed_official_file,学校公式資料本文を確認し、JSONの該当項目へ反映。
school-50-main,名護商工,全学科・コース,令和8年度 名護商工高等学校 学校募集要項,令和8年度,学校募集要項,https://www.nago-th.open.ed.jp/2025/11/post-52.html,https://www.nago-th.open.ed.jp/8b12ebc969378471a1e63f6fe4abd39088130a0d.pdf,PDF,,,学校募集要項,学校公式サイトが公開する令和8年度入学者選抜資料。出願要件、選抜方法、活動実績、検査内容等の確認用。,,2026-07-07,confirmed_official_file,PDFページは重要項目で特定できたものをJSON内の項目出典で補足。ページ不明は見出しと資料名で追跡。
school-50-page,名護商工,全学科・コース,令和8年度 名護商工高等学校 学校公式入試情報ページ,令和8年度,学校公式入試情報ページ,https://www.nago-th.open.ed.jp/2025/11/post-52.html,,HTML,,,学校公式入試情報ページ,学校公式サイトが公開する令和8年度入学者選抜資料。出願要件、選抜方法、活動実績、検査内容等の確認用。,,2026-07-07,confirmed_official_page,PDFページは重要項目で特定できたものをJSON内の項目出典で補足。ページ不明は見出しと資料名で追跡。
school-51-main,八重山商工,全学科・コース,令和8年度 八重山商工高等学校 学校募集要項,令和8年度,学校募集要項,https://www.yaeyama-th.open.ed.jp/post-20.html,https://www.yaeyama-th.open.ed.jp/1cae875a496a23b6d92f9bfb5c0fba9b1602aa1f.pdf,PDF,,,学校募集要項,学校公式サイトが公開する令和8年度入学者選抜資料。出願要件、選抜方法、活動実績、検査内容等の確認用。,,2026-07-07,confirmed_official_file,PDFページは重要項目で特定できたものをJSON内の項目出典で補足。ページ不明は見出しと資料名で追跡。
school-51-page,八重山商工,全学科・コース,令和8年度 八重山商工高等学校 学校公式入試情報ページ,令和8年度,学校公式入試情報ページ,https://www.yaeyama-th.open.ed.jp/post-20.html,,HTML,,,学校公式入試情報ページ,学校公式サイトが公開する令和8年度入学者選抜資料。出願要件、選抜方法、活動実績、検査内容等の確認用。,,2026-07-07,confirmed_official_page,PDFページは重要項目で特定できたものをJSON内の項目出典で補足。ページ不明は見出しと資料名で追跡。
school-52-main,具志川商業,全学科・コース,令和8年度 具志川商業高等学校 学校募集要項,令和8年度,学校募集要項,https://www.gushikawa-ch.open.ed.jp/2025/10/post-11.html,https://www.gushikawa-ch.open.ed.jp/45560b4fab34c10efab9a9755a244257c2484913.pdf,PDF,,,学校募集要項,学校公式サイトが公開する令和8年度入学者選抜資料。出願要件、選抜方法、活動実績、検査内容等の確認用。,,2026-07-07,confirmed_official_file,PDFページは重要項目で特定できたものをJSON内の項目出典で補足。ページ不明は見出しと資料名で追跡。
school-52-page,具志川商業,全学科・コース,令和8年度 具志川商業高等学校 学校公式入試情報ページ,令和8年度,学校公式入試情報ページ,https://www.gushikawa-ch.open.ed.jp/2025/10/post-11.html,,HTML,,,学校公式入試情報ページ,学校公式サイトが公開する令和8年度入学者選抜資料。出願要件、選抜方法、活動実績、検査内容等の確認用。,,2026-07-07,confirmed_official_page,PDFページは重要項目で特定できたものをJSON内の項目出典で補足。ページ不明は見出しと資料名で追跡。
school-52-rank-detail,具志川商業,全学科,令和8年度特色選抜 実績ランク表,令和8年度,特色選抜実績ランク表,https://www.gushikawa-ch.open.ed.jp/2025/10/post-11.html,https://www.gushikawa-ch.open.ed.jp/09fd7e39b788bf30279951476775d7eda62087eb.pdf,PDF,1,1,特色選抜実績ランク表,文化・スポーツ・社会活動・生徒会・資格をA～Dで区分。,2025-10-31,2026-07-07,confirmed,
school-53-criteria-detail,中部商業,全学科・コース,令和8年度 中部商業高等学校 特色選抜判定基準,令和8年度,学校公式特色選抜資料,https://www.chubu-ch.open.ed.jp/post-9.html,https://www.chubu-ch.open.ed.jp/399e51dd3798efd9c7ad9e6d1e6c1e111c4098a9.pdf,PDF,1-2,1-2,特色選抜の選抜項目・検査方法・配点,商業系3学科は470点、生涯スポーツ科は実技200点を含む750点。調査書の評定・特別活動・部活動等の内訳も明記。,,2026-07-07,confirmed_official_file,学校公式資料本文を確認し、JSONの該当項目へ反映。
school-53-main,中部商業,全学科・コース,令和8年度 中部商業高等学校 学校募集要項,令和8年度,学校募集要項,https://www.chubu-ch.open.ed.jp/post-9.html,https://www.chubu-ch.open.ed.jp/f7ed140cdc7ff84a1c497becf9e2a25d6f375cf4.pdf,PDF,,,学校募集要項,学校公式サイトが公開する令和8年度入学者選抜資料。出願要件、選抜方法、活動実績、検査内容等の確認用。,,2026-07-07,confirmed_official_file,PDFページは重要項目で特定できたものをJSON内の項目出典で補足。ページ不明は見出しと資料名で追跡。
school-53-page,中部商業,全学科・コース,令和8年度 中部商業高等学校 学校公式入試情報ページ,令和8年度,学校公式入試情報ページ,https://www.chubu-ch.open.ed.jp/post-9.html,,HTML,,,学校公式入試情報ページ,学校公式サイトが公開する令和8年度入学者選抜資料。出願要件、選抜方法、活動実績、検査内容等の確認用。,,2026-07-07,confirmed_official_page,PDFページは重要項目で特定できたものをJSON内の項目出典で補足。ページ不明は見出しと資料名で追跡。
school-54-criteria-detail,浦添商業,全学科,令和8年度特色選抜 求める生徒像・選抜方法,令和8年度,学校別特色選抜詳細,https://www.urasoe-ch.open.ed.jp/nyushi.html,https://www.urasoe-ch.open.ed.jp/R8_tokusyokusennbatsu_syousai.pdf,PDF,1,1,特色選抜 選抜項目・配点,学力250、調査書165、合計415点。面接はA～C評価で総合判断。,,2026-07-07,confirmed,
school-54-main,浦添商業,全学科・コース,令和8年度 浦添商業高等学校 学校募集要項,令和8年度,学校募集要項,https://www.urasoe-ch.open.ed.jp/post.html,https://www.urasoe-ch.open.ed.jp/R8_bosyuuyoukou.pdf,PDF,,,学校募集要項,学校公式サイトが公開する令和8年度入学者選抜資料。出願要件、選抜方法、活動実績、検査内容等の確認用。,,2026-07-07,confirmed_official_file,PDFページは重要項目で特定できたものをJSON内の項目出典で補足。ページ不明は見出しと資料名で追跡。
school-54-page,浦添商業,全学科・コース,令和8年度 浦添商業高等学校 学校公式入試情報ページ,令和8年度,学校公式入試情報ページ,https://www.urasoe-ch.open.ed.jp/post.html,,HTML,,,学校公式入試情報ページ,学校公式サイトが公開する令和8年度入学者選抜資料。出願要件、選抜方法、活動実績、検査内容等の確認用。,,2026-07-07,confirmed_official_page,PDFページは重要項目で特定できたものをJSON内の項目出典で補足。ページ不明は見出しと資料名で追跡。
school-55-criteria-detail,那覇商業,全学科,令和8年度特色選抜 求める生徒像・選抜方法,令和8年度,学校別特色選抜詳細,https://www.naha-ch.open.ed.jp/nyushi.html,https://www.naha-ch.open.ed.jp/bf85b7ae389ef759c21bef7d97749eef28b49b19.pdf,PDF,1-6,1-6,学科別特色選抜詳細,通常枠は合計550点、特別枠は実技250点を加え800点。,,2026-07-07,confirmed,
school-55-main,那覇商業,全学科・コース,令和8年度 那覇商業高等学校 学校募集要項,令和8年度,学校募集要項,https://www.naha-ch.open.ed.jp/post-2.html,https://www.naha-ch.open.ed.jp/r8%20youkou.pdf,PDF,,,学校募集要項,学校公式サイトが公開する令和8年度入学者選抜資料。出願要件、選抜方法、活動実績、検査内容等の確認用。,,2026-07-07,confirmed_official_file,PDFページは重要項目で特定できたものをJSON内の項目出典で補足。ページ不明は見出しと資料名で追跡。
school-55-page,那覇商業,全学科・コース,令和8年度 那覇商業高等学校 学校公式入試情報ページ,令和8年度,学校公式入試情報ページ,https://www.naha-ch.open.ed.jp/post-2.html,,HTML,,,学校公式入試情報ページ,学校公式サイトが公開する令和8年度入学者選抜資料。出願要件、選抜方法、活動実績、検査内容等の確認用。,,2026-07-07,confirmed_official_page,PDFページは重要項目で特定できたものをJSON内の項目出典で補足。ページ不明は見出しと資料名で追跡。
school-55-rank-detail,那覇商業,全学科,令和8年度特色選抜 活動実績ランク表,令和8年度,特色選抜実績ランク表,https://www.naha-ch.open.ed.jp/nyushi.html,https://www.naha-ch.open.ed.jp/r8%20tokusyokuz.pdf,PDF,1,1,活動実績ランク表,文化、スポーツ、生徒会、社会活動、資格をA～Dで区分。,,2026-07-07,confirmed,
school-56-criteria-detail,南部商業,全学科,令和8年度特色選抜 求める生徒像・選抜方法,令和8年度,学校別特色選抜詳細,https://www.nanbu-ch.open.ed.jp/2025/10/8.html,https://www.nanbu-ch.open.ed.jp/02tokusyokusyousai.pdf,PDF,1,1,特色選抜 選抜項目・配点,全学科共通で学力500、調査書300、プレゼン150、面接50、合計1000点。,2025-10-29,2026-07-07,confirmed,
school-56-main,南部商業,全学科・コース,令和8年度 南部商業高等学校 学校募集要項,令和8年度,学校募集要項,https://www.nanbu-ch.open.ed.jp/2025/10/post-625.html,https://www.nanbu-ch.open.ed.jp/01r08nyuugakusyayoukou.pdf,PDF,,,学校募集要項,学校公式サイトが公開する令和8年度入学者選抜資料。出願要件、選抜方法、活動実績、検査内容等の確認用。,,2026-07-07,confirmed_official_file,PDFページは重要項目で特定できたものをJSON内の項目出典で補足。ページ不明は見出しと資料名で追跡。
school-56-page,南部商業,全学科・コース,令和8年度 南部商業高等学校 学校公式入試情報ページ,令和8年度,学校公式入試情報ページ,https://www.nanbu-ch.open.ed.jp/2025/10/post-625.html,,HTML,,,学校公式入試情報ページ,学校公式サイトが公開する令和8年度入学者選抜資料。出願要件、選抜方法、活動実績、検査内容等の確認用。,,2026-07-07,confirmed_official_page,PDFページは重要項目で特定できたものをJSON内の項目出典で補足。ページ不明は見出しと資料名で追跡。
school-56-rank-detail,南部商業,全学科,令和8年度特色選抜 実績評価基準表,令和8年度,特色選抜実績ランク表,https://www.nanbu-ch.open.ed.jp/2025/10/8.html,https://www.nanbu-ch.open.ed.jp/833d9a6914b0c65c1ff54144e38d0c9ef77d1b25.pdf,PDF,1,1,実績評価基準表,特別活動、スポーツ、文化、資格をA=30、B=20、C=10点で評価。,2025-10-29,2026-07-07,confirmed,
school-57-criteria,沖縄水産,全学科・コース,令和8年度 沖縄水産高等学校 特色選抜基準・詳細,令和8年度,特色選抜基準・詳細,https://www.okisui-h.open.ed.jp/,https://www.okisui-h.open.ed.jp/2025_topics/%E5%85%A5%E8%A9%A6/%E5%85%A5%E8%A9%A6%E5%8B%9F%E9%9B%86%E8%A6%81%E9%A0%85%E3%83%BB%E7%89%B9%E8%89%B2%E9%81%B8%E6%8A%9C/2.%20%E4%BB%A4%E5%92%8C%EF%BC%98%E5%B9%B4%E5%BA%A6%E6%B2%96%E7%B8%84%E6%B0%B4%E7%94%A3%E9%AB%98%E7%AD%89%E5%AD%A6%E6%A0%A1%E7%89%B9%E8%89%B2%E9%81%B8%E6%8A%9C%E8%A9%B3%E7%B4%B0%E7%89%88.pdf,PDF,2-4,2-4,海洋技術科・海洋サイエンス科・総合学科の選抜方法・配点,3学科とも学力検査250点、調査書250点、個人面接50点、合計550点。,,2026-07-07,confirmed_search_index,公式PDF本体は502エラー。公式PDF検索索引で学科別ページの数値を確認。
school-57-page,沖縄水産,全学科・コース,令和8年度 沖縄水産高等学校 学校公式入試情報ページ,令和8年度,学校公式入試情報ページ,https://www.okisui-h.open.ed.jp/,,HTML,,,学校公式入試情報ページ,学校公式サイトが公開する令和8年度入学者選抜資料。出願要件、選抜方法、活動実績、検査内容等の確認用。,,2026-07-07,confirmed_official_page,PDFページは重要項目で特定できたものをJSON内の項目出典で補足。ページ不明は見出しと資料名で追跡。
school-57-rank,沖縄水産,全学科・コース,令和8年度 沖縄水産高等学校 実績ランク表,令和8年度,実績ランク表,https://www.okisui-h.open.ed.jp/,https://www.okisui-h.open.ed.jp/2025_topics/%E5%85%A5%E8%A9%A6/%E5%85%A5%E8%A9%A6%E5%8B%9F%E9%9B%86%E8%A6%81%E9%A0%85%E3%83%BB%E7%89%B9%E8%89%B2%E9%81%B8%E6%8A%9C/3.%20%E4%BB%A4%E5%92%8C%EF%BC%98%E5%B9%B4%E5%BA%A6%E7%89%B9%E8%89%B2%E9%81%B8%E6%8A%9C%E5%85%A5%E8%A9%A6%E5%AE%9F%E7%B8%BE%E3%83%A9%E3%83%B3%E3%82%AF%E8%A1%A8.pdf,PDF,1,1,特色選抜入試実績ランク表,特別活動30点、部活動・資格取得等85点。資格はS・A・B区分で級を明示。,,2026-07-07,partial_search_index,資格欄は確認済み。大会・文化活動の全行はPDF本体の再取得が必要。 2026-07-07再試行でも公式PDF本体は502エラー。
school-58-main,宮古総合実業,全学科・コース,令和8年度 宮古総合実業高等学校 学校募集要項,令和8年度,学校募集要項,https://www.miyasou-h.open.ed.jp/nyusi.html,https://www.miyasou-h.open.ed.jp/1f8e99a7e666318e6be86ae0b963dd9ff45188c9.pdf,PDF,,,学校募集要項,学校公式サイトが公開する令和8年度入学者選抜資料。出願要件、選抜方法、活動実績、検査内容等の確認用。,,2026-07-07,confirmed_official_file,PDFページは重要項目で特定できたものをJSON内の項目出典で補足。ページ不明は見出しと資料名で追跡。
school-58-page,宮古総合実業,全学科・コース,令和8年度 宮古総合実業高等学校 学校公式入試情報ページ,令和8年度,学校公式入試情報ページ,https://www.miyasou-h.open.ed.jp/nyusi.html,,HTML,,,学校公式入試情報ページ,学校公式サイトが公開する令和8年度入学者選抜資料。出願要件、選抜方法、活動実績、検査内容等の確認用。,,2026-07-07,confirmed_official_page,PDFページは重要項目で特定できたものをJSON内の項目出典で補足。ページ不明は見出しと資料名で追跡。
school-58-rank,宮古総合実業,全学科・コース,令和8年度 宮古総合実業高等学校 実績ランク表,令和8年度,実績ランク表,https://www.miyasou-h.open.ed.jp/nyusi.html,https://www.miyasou-h.open.ed.jp/748fec2fbc8ad33086ee97940401c69dea5ed31e.pdf,PDF,,,実績ランク表,学校公式サイトが公開する令和8年度入学者選抜資料。出願要件、選抜方法、活動実績、検査内容等の確認用。,,2026-07-07,confirmed_official_file,PDFページは重要項目で特定できたものをJSON内の項目出典で補足。ページ不明は見出しと資料名で追跡。
school-59-main,泊,全学科・コース,令和8年度 泊高等学校 学校募集要項,令和8年度,学校募集要項,https://gozen.tomari-h.open.ed.jp/post-9.html,https://gozen.tomari-h.open.ed.jp/15a895676cc441ce7a78aa40465c231e8da59571.pdf,PDF,募集要項本文,,午前部の出願要件・面接・提出資料,学校公式サイトが公開する令和8年度入学者選抜資料。出願要件、選抜方法、活動実績、検査内容等の確認用。,,2026-07-07,confirmed_official_file,PDFページは重要項目で特定できたものをJSON内の項目出典で補足。ページ不明は見出しと資料名で追跡。
school-59-nightPage,泊,全学科・コース,令和8年度 泊高等学校 学校公式入試情報ページ,令和8年度,学校公式入試情報ページ,https://gozen.tomari-h.open.ed.jp/post-9.html,,HTML,,,学校公式入試情報ページ,学校公式サイトが公開する令和8年度入学者選抜資料。出願要件、選抜方法、活動実績、検査内容等の確認用。,,2026-07-07,confirmed_official_page,PDFページは重要項目で特定できたものをJSON内の項目出典で補足。ページ不明は見出しと資料名で追跡。
school-59-page,泊,全学科・コース,令和8年度 泊高等学校 学校公式入試情報ページ,令和8年度,学校公式入試情報ページ,https://gozen.tomari-h.open.ed.jp/post-9.html,,HTML,,,学校公式入試情報ページ,学校公式サイトが公開する令和8年度入学者選抜資料。出願要件、選抜方法、活動実績、検査内容等の確認用。,,2026-07-07,confirmed_official_page,PDFページは重要項目で特定できたものをJSON内の項目出典で補足。ページ不明は見出しと資料名で追跡。
tominan-r8-detail,豊見城南,普通科（普通・特進）,令和8年度特色選抜 求める生徒像・選抜方法,令和8年度,コース別特色選抜方法,https://www.tominan-h.open.ed.jp/,https://www.tominan-h.open.ed.jp/b1d1d79de63570ac78e0ce2461cee896ae1543a1.pdf,PDF,1-4,1-4,普通コース・特進コースの出願要件、配点、自己アピール面接、実績配点表,普通550点、特進600点。評定・欠席要件、調査書265点、個人面接35点。,,2026-07-07,confirmed_official_file,
urako-r8-ranks-source,浦添工業,全学科,令和8年度特色選抜活動実績基準表（ランク表）,令和8年度,特色選抜実績ランク表,https://www.urasoe-th.open.ed.jp/post.html,https://www.urasoe-th.open.ed.jp/919179ce6aaeb252f60ad2fc5aa192fb31f79313.pdf,PDF,1,1,特色選抜活動実績基準表 A～E,文化、民謡・舞踊、スポーツ、社会・ボランティア、資格をA～Eで評価。,,2026-07-07,confirmed,
urasoe-r8-guidelines,浦添,普通科,令和8年度入学者選抜募集要項,令和8年度,学校募集要項・ランク表,https://www.urasoe-h.open.ed.jp/,https://www.urasoe-h.open.ed.jp/4a858ddf690297f9c5538ff862388fbb98a5a5b1.pdf,PDF,1-18,1-17,特色選抜・一般選抜・各活動分野ランク表,評定要件、活動分野150点、面接、キラ星枠、I-Vランク。,,2026-07-07,confirmed_official_file,
yaesho-night-r8-detail,八重山商工,定時制商業科,令和8年度定時制特色選抜 求める生徒像・選抜方法,令和8年度,定時制特色選抜方法,https://teiji.yaeyama-th.open.ed.jp/post-6.html,https://teiji.yaeyama-th.open.ed.jp/6822bd907bc1afbf56a41d5694572b882a03a04a.pdf,PDF,1,1,出願要件、調査書、面接,基本的生活習慣または行動記録の条件、学力検査・調査書・面接による選抜。,,2026-07-07,confirmed_official_file,
yaesho-r8-entry,八重山商工,全日制6学科・コース,令和8年度特色選抜 面接エントリーシート,令和8年度,学校独自申請書,https://www.yaeyama-th.open.ed.jp/post-20.html,https://www.yaeyama-th.open.ed.jp/1ac21751dbd17ed58f7b3ddae988ca89f76c60a2.pdf,PDF,1,1,面接エントリーシート,個人面接で使用する学校独自様式。,,2026-07-07,confirmed_official_file,
yaesho-r8-method,八重山商工,全日制6学科・コース,令和8年度特色選抜 選抜方法詳細版,令和8年度,特色選抜方法,https://www.yaeyama-th.open.ed.jp/post-20.html,https://www.yaeyama-th.open.ed.jp/e2a27b506df8d1ae4e3374ac1a6f8dda44dd2d52.pdf,PDF,1,1,750点配点、評定平均3.0、個人面接125点,全日制6区分共通の出願要件、調査書375点、個人面接125点。,,2026-07-07,confirmed_official_file,
yaesho-r8-rank,八重山商工,全日制6学科・コース,令和8年度特色選抜 判定基準表,令和8年度,実績ランク表,https://www.yaeyama-th.open.ed.jp/post-20.html,https://www.yaeyama-th.open.ed.jp/6a29cf72c67650105f47c5cfb7bcd4fea16b2799.pdf,PDF,1,1,特別活動、部活動、資格のA-Cランク,生徒会等、スポーツ・文化、英検・漢検・数検等のランク。,,2026-07-07,confirmed_official_file,
