existing_id,school_name,department,item,status,reason,searched_sources,recommended_next_action
koza-night-commerce,コザ,商業科,令和9年度学校別募集要項・特色選抜資料,not_published,2026年7月7日時点で県公式の令和9年度学校別資料が未公表。,沖縄県教育委員会令和9年度入学者選抜ページ、学校公式入試ページ,令和9年度資料公開後、referenceYear・status・各項目・出典を令和9年度版へ差し替える。
koza-night-commerce,コザ,商業科,実績ランク詳細,needs_review,公式PDFのURL・資料名・主要本文は確認済みだが、学校サーバーが継続して502エラーを返すため、表の全セルを直接再確認できない。確認できた配点・資格級・主要ランクは収録済みで、未確認部分は推測していない。,koza-night-r8-selection / koza-night-r7-rank,学校サーバー復旧後に公式PDFを再取得し、現在のpartial行と全セルを照合する。
koza-f,コザ,普通科,令和9年度学校別募集要項・特色選抜資料,not_published,2026年7月7日時点で県公式の令和9年度学校別資料が未公表。,沖縄県教育委員会令和9年度入学者選抜ページ、学校公式入試ページ,令和9年度資料公開後、referenceYear・status・各項目・出典を令和9年度版へ差し替える。
koza-f,コザ,普通科,実績ランク詳細,needs_review,公式PDFのURL・資料名・主要本文は確認済みだが、学校サーバーが継続して502エラーを返すため、表の全セルを直接再確認できない。確認できた配点・資格級・主要ランクは収録済みで、未確認部分は推測していない。,koza-r8-rank-table / koza-r8-selection-method / koza-r8-decision-standard,学校サーバー復旧後に公式PDFを再取得し、現在のpartial行と全セルを照合する。
yokatsu-f,与勝,普通科,令和9年度学校別募集要項・特色選抜資料,not_published,2026年7月7日時点で県公式の令和9年度学校別資料が未公表。,沖縄県教育委員会令和9年度入学者選抜ページ、学校公式入試ページ,令和9年度資料公開後、referenceYear・status・各項目・出典を令和9年度版へ差し替える。
chubusho-kokusai,中部商業,国際ビジネス科,令和9年度学校別募集要項・特色選抜資料,not_published,2026年7月7日時点で県公式の令和9年度学校別資料が未公表。,沖縄県教育委員会令和9年度入学者選抜ページ、学校公式入試ページ,令和9年度資料公開後、referenceYear・status・各項目・出典を令和9年度版へ差し替える。
chubusho-kokusai,中部商業,国際ビジネス科,実績ランク詳細,not_found,学校公式の募集要項・特色選抜方法・合否判定基準を確認したが、活動・資格を級別・大会別に並べた独立ランク表を特定できなかった。,pref-r8-ratio / pref-r8-capacity / pref-r8-official-list / pref-r8-guidelines / pref-r9-info-page / school-53-criteria-detail / school-53-main / school-53-page,令和9年度の学校別資料公開時に、別紙の評価基準・ランク表が追加されていないか再確認する。
chubusho-joho,中部商業,情報ビジネス科,令和9年度学校別募集要項・特色選抜資料,not_published,2026年7月7日時点で県公式の令和9年度学校別資料が未公表。,沖縄県教育委員会令和9年度入学者選抜ページ、学校公式入試ページ,令和9年度資料公開後、referenceYear・status・各項目・出典を令和9年度版へ差し替える。
chubusho-joho,中部商業,情報ビジネス科,実績ランク詳細,not_found,学校公式の募集要項・特色選抜方法・合否判定基準を確認したが、活動・資格を級別・大会別に並べた独立ランク表を特定できなかった。,pref-r8-ratio / pref-r8-capacity / pref-r8-official-list / pref-r8-guidelines / pref-r9-info-page / school-53-criteria-detail / school-53-main / school-53-page,令和9年度の学校別資料公開時に、別紙の評価基準・ランク表が追加されていないか再確認する。
chubusho-spo,中部商業,生涯スポーツ科,令和9年度学校別募集要項・特色選抜資料,not_published,2026年7月7日時点で県公式の令和9年度学校別資料が未公表。,沖縄県教育委員会令和9年度入学者選抜ページ、学校公式入試ページ,令和9年度資料公開後、referenceYear・status・各項目・出典を令和9年度版へ差し替える。
chubusho-spo,中部商業,生涯スポーツ科,実績ランク詳細,not_found,学校公式の募集要項・特色選抜方法・合否判定基準を確認したが、活動・資格を級別・大会別に並べた独立ランク表を特定できなかった。,pref-r8-ratio / pref-r8-capacity / pref-r8-official-list / pref-r8-guidelines / pref-r9-info-page / school-53-criteria-detail / school-53-main / school-53-page,令和9年度の学校別資料公開時に、別紙の評価基準・ランク表が追加されていないか再確認する。
chubusho-sogo,中部商業,総合ビジネス科,令和9年度学校別募集要項・特色選抜資料,not_published,2026年7月7日時点で県公式の令和9年度学校別資料が未公表。,沖縄県教育委員会令和9年度入学者選抜ページ、学校公式入試ページ,令和9年度資料公開後、referenceYear・status・各項目・出典を令和9年度版へ差し替える。
chubusho-sogo,中部商業,総合ビジネス科,実績ランク詳細,not_found,学校公式の募集要項・特色選抜方法・合否判定基準を確認したが、活動・資格を級別・大会別に並べた独立ランク表を特定できなかった。,pref-r8-ratio / pref-r8-capacity / pref-r8-official-list / pref-r8-guidelines / pref-r9-info-page / school-53-criteria-detail / school-53-main / school-53-page,令和9年度の学校別資料公開時に、別紙の評価基準・ランク表が追加されていないか再確認する。
chubuno-ek,中部農林,園芸科学科,令和9年度学校別募集要項・特色選抜資料,not_published,2026年7月7日時点で県公式の令和9年度学校別資料が未公表。,沖縄県教育委員会令和9年度入学者選抜ページ、学校公式入試ページ,令和9年度資料公開後、referenceYear・status・各項目・出典を令和9年度版へ差し替える。
chubuno-nr,中部農林,熱帯資源科,令和9年度学校別募集要項・特色選抜資料,not_published,2026年7月7日時点で県公式の令和9年度学校別資料が未公表。,沖縄県教育委員会令和9年度入学者選抜ページ、学校公式入試ページ,令和9年度資料公開後、referenceYear・status・各項目・出典を令和9年度版へ差し替える。
chubuno-fk,中部農林,福祉科,令和9年度学校別募集要項・特色選抜資料,not_published,2026年7月7日時点で県公式の令和9年度学校別資料が未公表。,沖縄県教育委員会令和9年度入学者選抜ページ、学校公式入試ページ,令和9年度資料公開後、referenceYear・status・各項目・出典を令和9年度版へ差し替える。
chubuno-night-agri,中部農林,農業科,令和9年度学校別募集要項・特色選抜資料,not_published,2026年7月7日時点で県公式の令和9年度学校別資料が未公表。,沖縄県教育委員会令和9年度入学者選抜ページ、学校公式入試ページ,令和9年度資料公開後、referenceYear・status・各項目・出典を令和9年度版へ差し替える。
chubuno-zo,中部農林,造園科,令和9年度学校別募集要項・特色選抜資料,not_published,2026年7月7日時点で県公式の令和9年度学校別資料が未公表。,沖縄県教育委員会令和9年度入学者選抜ページ、学校公式入試ページ,令和9年度資料公開後、referenceYear・status・各項目・出典を令和9年度版へ差し替える。
chubuno-sk,中部農林,食品科学科,令和9年度学校別募集要項・特色選抜資料,not_published,2026年7月7日時点で県公式の令和9年度学校別資料が未公表。,沖縄県教育委員会令和9年度入学者選抜ページ、学校公式入試ページ,令和9年度資料公開後、referenceYear・status・各項目・出典を令和9年度版へ差し替える。
kumejima-en,久米島,園芸科,令和9年度学校別募集要項・特色選抜資料,not_published,2026年7月7日時点で県公式の令和9年度学校別資料が未公表。,沖縄県教育委員会令和9年度入学者選抜ページ、学校公式入試ページ,令和9年度資料公開後、referenceYear・status・各項目・出典を令和9年度版へ差し替える。
kumejima-en,久米島,園芸科,実績ランク詳細,not_found,令和8年度の学校公式募集要項・特色選抜方法・入試情報ページを確認したが、級別・大会範囲別の独立した実績ランク表を公式サイト上で特定できなかった。,pref-r8-ratio / pref-r8-capacity / pref-r8-official-list / pref-r8-guidelines / pref-r9-info-page / kumejima-r8-detail / school-36-main / school-36-page,令和9年度資料の公開時に、別紙ランク表または評価基準表が追加されていないか再確認する。
kumejima-f,久米島,普通科,令和9年度学校別募集要項・特色選抜資料,not_published,2026年7月7日時点で県公式の令和9年度学校別資料が未公表。,沖縄県教育委員会令和9年度入学者選抜ページ、学校公式入試ページ,令和9年度資料公開後、referenceYear・status・各項目・出典を令和9年度版へ差し替える。
kumejima-f,久米島,普通科,実績ランク詳細,not_found,令和8年度の学校公式募集要項・特色選抜方法・入試情報ページを確認したが、級別・大会範囲別の独立した実績ランク表を公式サイト上で特定できなかった。,pref-r8-ratio / pref-r8-capacity / pref-r8-official-list / pref-r8-guidelines / pref-r9-info-page / kumejima-r8-detail / school-36-main / school-36-page,令和9年度資料の公開時に、別紙ランク表または評価基準表が追加されていないか再確認する。
yaeyama-f,八重山,普通科,令和9年度学校別募集要項・特色選抜資料,not_published,2026年7月7日時点で県公式の令和9年度学校別資料が未公表。,沖縄県教育委員会令和9年度入学者選抜ページ、学校公式入試ページ,令和9年度資料公開後、referenceYear・status・各項目・出典を令和9年度版へ差し替える。
yaeyama-f,八重山,普通科,実績ランク詳細,not_found,令和8年度の学校公式募集要項・特色選抜方法・入試情報ページを確認したが、級別・大会範囲別の独立した実績ランク表を公式サイト上で特定できなかった。,pref-r8-ratio / pref-r8-capacity / pref-r8-official-list / pref-r8-guidelines / pref-r9-info-page / school-38-main / school-38-page,令和9年度資料の公開時に、別紙ランク表または評価基準表が追加されていないか再確認する。
yaeyama-f,八重山,普通科,配点,not_found,令和8年度の学校公式入試資料を確認したが、特色選抜の項目別数値配点を特定できなかった。,pref-r8-ratio / pref-r8-capacity / pref-r8-official-list / pref-r8-guidelines / pref-r9-info-page / school-38-main / school-38-page,令和9年度資料の公開時に、別紙配点表・合否判定基準を再確認する。
yaesho-jb,八重山商工,商業科,令和9年度学校別募集要項・特色選抜資料,not_published,2026年7月7日時点で県公式の令和9年度学校別資料が未公表。,沖縄県教育委員会令和9年度入学者選抜ページ、学校公式入試ページ,令和9年度資料公開後、referenceYear・status・各項目・出典を令和9年度版へ差し替える。
yaesho-ka,八重山商工,商業科,令和9年度学校別募集要項・特色選抜資料,not_published,2026年7月7日時点で県公式の令和9年度学校別資料が未公表。,沖縄県教育委員会令和9年度入学者選抜ページ、学校公式入試ページ,令和9年度資料公開後、referenceYear・status・各項目・出典を令和9年度版へ差し替える。
yaesho-kk,八重山商工,商業科,令和9年度学校別募集要項・特色選抜資料,not_published,2026年7月7日時点で県公式の令和9年度学校別資料が未公表。,沖縄県教育委員会令和9年度入学者選抜ページ、学校公式入試ページ,令和9年度資料公開後、referenceYear・status・各項目・出典を令和9年度版へ差し替える。
yaesho-night-commerce,八重山商工,商業科,令和9年度学校別募集要項・特色選抜資料,not_published,2026年7月7日時点で県公式の令和9年度学校別資料が未公表。,沖縄県教育委員会令和9年度入学者選抜ページ、学校公式入試ページ,令和9年度資料公開後、referenceYear・status・各項目・出典を令和9年度版へ差し替える。
yaesho-night-commerce,八重山商工,商業科,配点,not_published,学校公式資料は総合選抜の項目を示すが、項目別配点数値は掲載していない。,pref-r8-ratio / pref-r8-capacity / pref-r8-official-list / pref-r8-guidelines / pref-r9-info-page / school-51-main / school-51-page / yaesho-night-r8-detail / yaesho-r8-entry / yaesho-r8-method / yaesho-r8-rank,令和9年度定時制資料公開後に再確認する。
yaesho-jg,八重山商工,情報技術科,令和9年度学校別募集要項・特色選抜資料,not_published,2026年7月7日時点で県公式の令和9年度学校別資料が未公表。,沖縄県教育委員会令和9年度入学者選抜ページ、学校公式入試ページ,令和9年度資料公開後、referenceYear・status・各項目・出典を令和9年度版へ差し替える。
yaesho-kd,八重山商工,機械電気科,令和9年度学校別募集要項・特色選抜資料,not_published,2026年7月7日時点で県公式の令和9年度学校別資料が未公表。,沖縄県教育委員会令和9年度入学者選抜ページ、学校公式入試ページ,令和9年度資料公開後、referenceYear・status・各項目・出典を令和9年度版へ差し替える。
yaesho-km,八重山商工,機械電気科,令和9年度学校別募集要項・特色選抜資料,not_published,2026年7月7日時点で県公式の令和9年度学校別資料が未公表。,沖縄県教育委員会令和9年度入学者選抜ページ、学校公式入試ページ,令和9年度資料公開後、referenceYear・status・各項目・出典を令和9年度版へ差し替える。
yaeno-af,八重山農林,アグリフード科,令和9年度学校別募集要項・特色選抜資料,not_published,2026年7月7日時点で県公式の令和9年度学校別資料が未公表。,沖縄県教育委員会令和9年度入学者選抜ページ、学校公式入試ページ,令和9年度資料公開後、referenceYear・status・各項目・出典を令和9年度版へ差し替える。
yaeno-af,八重山農林,アグリフード科,実績ランク詳細,not_found,令和8年度の学校公式募集要項・特色選抜方法・入試情報ページを確認したが、級別・大会範囲別の独立した実績ランク表を公式サイト上で特定できなかった。,pref-r8-ratio / pref-r8-capacity / pref-r8-official-list / pref-r8-guidelines / pref-r9-info-page / school-42-main / school-42-page,令和9年度資料の公開時に、別紙ランク表または評価基準表が追加されていないか再確認する。
yaeno-gl,八重山農林,グリーンライフ科,令和9年度学校別募集要項・特色選抜資料,not_published,2026年7月7日時点で県公式の令和9年度学校別資料が未公表。,沖縄県教育委員会令和9年度入学者選抜ページ、学校公式入試ページ,令和9年度資料公開後、referenceYear・status・各項目・出典を令和9年度版へ差し替える。
yaeno-gl,八重山農林,グリーンライフ科,実績ランク詳細,not_found,令和8年度の学校公式募集要項・特色選抜方法・入試情報ページを確認したが、級別・大会範囲別の独立した実績ランク表を公式サイト上で特定できなかった。,pref-r8-ratio / pref-r8-capacity / pref-r8-official-list / pref-r8-guidelines / pref-r9-info-page / school-42-main / school-42-page,令和9年度資料の公開時に、別紙ランク表または評価基準表が追加されていないか再確認する。
yaeno-fp,八重山農林,フードプロデュース科,令和9年度学校別募集要項・特色選抜資料,not_published,2026年7月7日時点で県公式の令和9年度学校別資料が未公表。,沖縄県教育委員会令和9年度入学者選抜ページ、学校公式入試ページ,令和9年度資料公開後、referenceYear・status・各項目・出典を令和9年度版へ差し替える。
yaeno-fp,八重山農林,フードプロデュース科,実績ランク詳細,not_found,令和8年度の学校公式募集要項・特色選抜方法・入試情報ページを確認したが、級別・大会範囲別の独立した実績ランク表を公式サイト上で特定できなかった。,pref-r8-ratio / pref-r8-capacity / pref-r8-official-list / pref-r8-guidelines / pref-r9-info-page / school-42-main / school-42-page,令和9年度資料の公開時に、別紙ランク表または評価基準表が追加されていないか再確認する。
yaeno-ls,八重山農林,ライフスキル科,令和9年度学校別募集要項・特色選抜資料,not_published,2026年7月7日時点で県公式の令和9年度学校別資料が未公表。,沖縄県教育委員会令和9年度入学者選抜ページ、学校公式入試ページ,令和9年度資料公開後、referenceYear・status・各項目・出典を令和9年度版へ差し替える。
yaeno-ls,八重山農林,ライフスキル科,実績ランク詳細,not_found,令和8年度の学校公式募集要項・特色選抜方法・入試情報ページを確認したが、級別・大会範囲別の独立した実績ランク表を公式サイト上で特定できなかった。,pref-r8-ratio / pref-r8-capacity / pref-r8-official-list / pref-r8-guidelines / pref-r9-info-page / school-42-main / school-42-page,令和9年度資料の公開時に、別紙ランク表または評価基準表が追加されていないか再確認する。
gushikawa-f,具志川,普通科,令和9年度学校別募集要項・特色選抜資料,not_published,2026年7月7日時点で県公式の令和9年度学校別資料が未公表。,沖縄県教育委員会令和9年度入学者選抜ページ、学校公式入試ページ,令和9年度資料公開後、referenceYear・status・各項目・出典を令和9年度版へ差し替える。
gushikawa-f,具志川,普通科,配点,not_found,令和8年度の学校公式入試資料を確認したが、特色選抜の項目別数値配点を特定できなかった。,pref-r8-ratio / pref-r8-capacity / pref-r8-official-list / pref-r8-guidelines / pref-r9-info-page / gushikawa-r8-interview / gushikawa-r8-rank / school-11-main / school-11-page,令和9年度資料の公開時に、別紙配点表・合否判定基準を再確認する。
gushisho-ob,具志川商業,オフィスビジネス科,令和9年度学校別募集要項・特色選抜資料,not_published,2026年7月7日時点で県公式の令和9年度学校別資料が未公表。,沖縄県教育委員会令和9年度入学者選抜ページ、学校公式入試ページ,令和9年度資料公開後、referenceYear・status・各項目・出典を令和9年度版へ差し替える。
gushisho-bm,具志川商業,ビジネスマルチメディア科,令和9年度学校別募集要項・特色選抜資料,not_published,2026年7月7日時点で県公式の令和9年度学校別資料が未公表。,沖縄県教育委員会令和9年度入学者選抜ページ、学校公式入試ページ,令和9年度資料公開後、referenceYear・status・各項目・出典を令和9年度版へ差し替える。
gushisho-rk,具志川商業,リゾート観光科,令和9年度学校別募集要項・特色選抜資料,not_published,2026年7月7日時点で県公式の令和9年度学校別資料が未公表。,沖縄県教育委員会令和9年度入学者選抜ページ、学校公式入試ページ,令和9年度資料公開後、referenceYear・status・各項目・出典を令和9年度版へ差し替える。
gushisho-js,具志川商業,情報システム科,令和9年度学校別募集要項・特色選抜資料,not_published,2026年7月7日時点で県公式の令和9年度学校別資料が未公表。,沖縄県教育委員会令和9年度入学者選抜ページ、学校公式入試ページ,令和9年度資料公開後、referenceYear・status・各項目・出典を令和9年度版へ差し替える。
maehara-br,前原,普通科,令和9年度学校別募集要項・特色選抜資料,not_published,2026年7月7日時点で県公式の令和9年度学校別資料が未公表。,沖縄県教育委員会令和9年度入学者選抜ページ、学校公式入試ページ,令和9年度資料公開後、referenceYear・status・各項目・出典を令和9年度版へ差し替える。
maehara-en,前原,普通科,令和9年度学校別募集要項・特色選抜資料,not_published,2026年7月7日時点で県公式の令和9年度学校別資料が未公表。,沖縄県教育委員会令和9年度入学者選抜ページ、学校公式入試ページ,令和9年度資料公開後、referenceYear・status・各項目・出典を令和9年度版へ差し替える。
maehara-sp,前原,普通科,令和9年度学校別募集要項・特色選抜資料,not_published,2026年7月7日時点で県公式の令和9年度学校別資料が未公表。,沖縄県教育委員会令和9年度入学者選抜ページ、学校公式入試ページ,令和9年度資料公開後、referenceYear・status・各項目・出典を令和9年度版へ差し替える。
kitanaka-f,北中城,普通科,令和9年度学校別募集要項・特色選抜資料,not_published,2026年7月7日時点で県公式の令和9年度学校別資料が未公表。,沖縄県教育委員会令和9年度入学者選抜ページ、学校公式入試ページ,令和9年度資料公開後、referenceYear・status・各項目・出典を令和9年度版へ差し替える。
hokuzan-f,北山,普通科,令和9年度学校別募集要項・特色選抜資料,not_published,2026年7月7日時点で県公式の令和9年度学校別資料が未公表。,沖縄県教育委員会令和9年度入学者選抜ページ、学校公式入試ページ,令和9年度資料公開後、referenceYear・status・各項目・出典を令和9年度版へ差し替える。
hokuzan-ri,北山,理数科,令和9年度学校別募集要項・特色選抜資料,not_published,2026年7月7日時点で県公式の令和9年度学校別資料が未公表。,沖縄県教育委員会令和9年度入学者選抜ページ、学校公式入試ページ,令和9年度資料公開後、referenceYear・status・各項目・出典を令和9年度版へ差し替える。
chatan-f,北谷,普通科,令和9年度学校別募集要項・特色選抜資料,not_published,2026年7月7日時点で県公式の令和9年度学校別資料が未公表。,沖縄県教育委員会令和9年度入学者選抜ページ、学校公式入試ページ,令和9年度資料公開後、referenceYear・status・各項目・出典を令和9年度版へ差し替える。
chatan-f,北谷,普通科,実績ランク詳細,not_found,令和8年度の学校公式募集要項・特色選抜方法・入試情報ページを確認したが、級別・大会範囲別の独立した実績ランク表を公式サイト上で特定できなかった。,pref-r8-ratio / pref-r8-capacity / pref-r8-official-list / pref-r8-guidelines / pref-r9-info-page / school-15-main / school-15-page,令和9年度資料の公開時に、別紙ランク表または評価基準表が追加されていないか再確認する。
hokuno-agritech,北部農林,アグリテクノ科,令和9年度学校別募集要項・特色選抜資料,not_published,2026年7月7日時点で県公式の令和9年度学校別資料が未公表。,沖縄県教育委員会令和9年度入学者選抜ページ、学校公式入試ページ,令和9年度資料公開後、referenceYear・status・各項目・出典を令和9年度版へ差し替える。
hokuno-life-create,北部農林,ライフ創造科,令和9年度学校別募集要項・特色選抜資料,not_published,2026年7月7日時点で県公式の令和9年度学校別資料が未公表。,沖縄県教育委員会令和9年度入学者選抜ページ、学校公式入試ページ,令和9年度資料公開後、referenceYear・status・各項目・出典を令和9年度版へ差し替える。
hokuno-resource-design,北部農林,地域資源デザイン科,令和9年度学校別募集要項・特色選抜資料,not_published,2026年7月7日時点で県公式の令和9年度学校別資料が未公表。,沖縄県教育委員会令和9年度入学者選抜ページ、学校公式入試ページ,令和9年度資料公開後、referenceYear・status・各項目・出典を令和9年度版へ差し替える。
hokuno-night-agri,北部農林,農業科,令和9年度学校別募集要項・特色選抜資料,not_published,2026年7月7日時点で県公式の令和9年度学校別資料が未公表。,沖縄県教育委員会令和9年度入学者選抜ページ、学校公式入試ページ,令和9年度資料公開後、referenceYear・status・各項目・出典を令和9年度版へ差し替える。
hokuno-food-create,北部農林,食品クリエイト科,令和9年度学校別募集要項・特色選抜資料,not_published,2026年7月7日時点で県公式の令和9年度学校別資料が未公表。,沖縄県教育委員会令和9年度入学者選抜ページ、学校公式入試ページ,令和9年度資料公開後、referenceYear・status・各項目・出典を令和9年度版へ差し替える。
nanbusho-office,南部商業,オフィスクリエイト科,令和9年度学校別募集要項・特色選抜資料,not_published,2026年7月7日時点で県公式の令和9年度学校別資料が未公表。,沖縄県教育委員会令和9年度入学者選抜ページ、学校公式入試ページ,令和9年度資料公開後、referenceYear・status・各項目・出典を令和9年度版へ差し替える。
nanbusho-digi,南部商業,デジタルクリエイト科,令和9年度学校別募集要項・特色選抜資料,not_published,2026年7月7日時点で県公式の令和9年度学校別資料が未公表。,沖縄県教育委員会令和9年度入学者選抜ページ、学校公式入試ページ,令和9年度資料公開後、referenceYear・status・各項目・出典を令和9年度版へ差し替える。
nanbusho-ryu,南部商業,流通クリエイト科,令和9年度学校別募集要項・特色選抜資料,not_published,2026年7月7日時点で県公式の令和9年度学校別資料が未公表。,沖縄県教育委員会令和9年度入学者選抜ページ、学校公式入試ページ,令和9年度資料公開後、referenceYear・status・各項目・出典を令和9年度版へ差し替える。
nanbusho-kanko,南部商業,観光クリエイト科,令和9年度学校別募集要項・特色選抜資料,not_published,2026年7月7日時点で県公式の令和9年度学校別資料が未公表。,沖縄県教育委員会令和9年度入学者選抜ページ、学校公式入試ページ,令和9年度資料公開後、referenceYear・status・各項目・出典を令和9年度版へ差し替える。
nanbuko-kd,南部工業,建築設備科,令和9年度学校別募集要項・特色選抜資料,not_published,2026年7月7日時点で県公式の令和9年度学校別資料が未公表。,沖縄県教育委員会令和9年度入学者選抜ページ、学校公式入試ページ,令和9年度資料公開後、referenceYear・status・各項目・出典を令和9年度版へ差し替える。
nanbuko-sg,南部工業,建築設備科,令和9年度学校別募集要項・特色選抜資料,not_published,2026年7月7日時点で県公式の令和9年度学校別資料が未公表。,沖縄県教育委員会令和9年度入学者選抜ページ、学校公式入試ページ,令和9年度資料公開後、referenceYear・status・各項目・出典を令和9年度版へ差し替える。
nanbuko-kd,南部工業,建築設備科,実績ランク詳細,not_found,活動実績50点は確認できたが、ランク・大会範囲・資格級別の具体的基準表は公式資料で確認できず。,pref-r8-ratio / pref-r8-capacity / pref-r8-official-list / pref-r8-guidelines / pref-r9-info-page / school-48-main / school-48-page,令和9年度資料公開時に、学校が別紙ランク表を公開するか再確認する。
nanbuko-sg,南部工業,建築設備科,実績ランク詳細,not_found,活動実績50点は確認できたが、ランク・大会範囲・資格級別の具体的基準表は公式資料で確認できず。,pref-r8-ratio / pref-r8-capacity / pref-r8-official-list / pref-r8-guidelines / pref-r9-info-page / school-48-main / school-48-page,令和9年度資料公開時に、学校が別紙ランク表を公開するか再確認する。
nanbuko-ki,南部工業,機械科,令和9年度学校別募集要項・特色選抜資料,not_published,2026年7月7日時点で県公式の令和9年度学校別資料が未公表。,沖縄県教育委員会令和9年度入学者選抜ページ、学校公式入試ページ,令和9年度資料公開後、referenceYear・status・各項目・出典を令和9年度版へ差し替える。
nanbuko-ki,南部工業,機械科,実績ランク詳細,not_found,活動実績50点は確認できたが、ランク・大会範囲・資格級別の具体的基準表は公式資料で確認できず。,pref-r8-ratio / pref-r8-capacity / pref-r8-official-list / pref-r8-guidelines / pref-r9-info-page / school-48-main / school-48-page,令和9年度資料公開時に、学校が別紙ランク表を公開するか再確認する。
nanbuko-de,南部工業,電気科,令和9年度学校別募集要項・特色選抜資料,not_published,2026年7月7日時点で県公式の令和9年度学校別資料が未公表。,沖縄県教育委員会令和9年度入学者選抜ページ、学校公式入試ページ,令和9年度資料公開後、referenceYear・status・各項目・出典を令和9年度版へ差し替える。
nanbuko-de,南部工業,電気科,実績ランク詳細,not_found,活動実績50点は確認できたが、ランク・大会範囲・資格級別の具体的基準表は公式資料で確認できず。,pref-r8-ratio / pref-r8-capacity / pref-r8-official-list / pref-r8-guidelines / pref-r9-info-page / school-48-main / school-48-page,令和9年度資料公開時に、学校が別紙ランク表を公開するか再確認する。
nanbuno-ks,南部農林,環境創造科,令和9年度学校別募集要項・特色選抜資料,not_published,2026年7月7日時点で県公式の令和9年度学校別資料が未公表。,沖縄県教育委員会令和9年度入学者選抜ページ、学校公式入試ページ,令和9年度資料公開後、referenceYear・status・各項目・出典を令和9年度版へ差し替える。
nanbuno-sd,南部農林,生活デザイン科,令和9年度学校別募集要項・特色選抜資料,not_published,2026年7月7日時点で県公式の令和9年度学校別資料が未公表。,沖縄県教育委員会令和9年度入学者選抜ページ、学校公式入試ページ,令和9年度資料公開後、referenceYear・status・各項目・出典を令和9年度版へ差し替える。
nanbuno-sb,南部農林,生物資源科,令和9年度学校別募集要項・特色選抜資料,not_published,2026年7月7日時点で県公式の令和9年度学校別資料が未公表。,沖縄県教育委員会令和9年度入学者選抜ページ、学校公式入試ページ,令和9年度資料公開後、referenceYear・status・各項目・出典を令和9年度版へ差し替える。
nanbuno-sk,南部農林,食品加工科,令和9年度学校別募集要項・特色選抜資料,not_published,2026年7月7日時点で県公式の令和9年度学校別資料が未公表。,沖縄県教育委員会令和9年度入学者選抜ページ、学校公式入試ページ,令和9年度資料公開後、referenceYear・status・各項目・出典を令和9年度版へ差し替える。
nanbuno-ss,南部農林,食料生産科,令和9年度学校別募集要項・特色選抜資料,not_published,2026年7月7日時点で県公式の令和9年度学校別資料が未公表。,沖縄県教育委員会令和9年度入学者選抜ページ、学校公式入試ページ,令和9年度資料公開後、referenceYear・status・各項目・出典を令和9年度版へ差し替える。
haebaru-biz,南風原,普通科,令和9年度学校別募集要項・特色選抜資料,not_published,2026年7月7日時点で県公式の令和9年度学校別資料が未公表。,沖縄県教育委員会令和9年度入学者選抜ページ、学校公式入試ページ,令和9年度資料公開後、referenceYear・status・各項目・出典を令和9年度版へ差し替える。
haebaru-fs,南風原,普通科,令和9年度学校別募集要項・特色選抜資料,not_published,2026年7月7日時点で県公式の令和9年度学校別資料が未公表。,沖縄県教育委員会令和9年度入学者選抜ページ、学校公式入試ページ,令和9年度資料公開後、referenceYear・status・各項目・出典を令和9年度版へ差し替える。
haebaru-kyodo,南風原,普通科,令和9年度学校別募集要項・特色選抜資料,not_published,2026年7月7日時点で県公式の令和9年度学校別資料が未公表。,沖縄県教育委員会令和9年度入学者選抜ページ、学校公式入試ページ,令和9年度資料公開後、referenceYear・status・各項目・出典を令和9年度版へ差し替える。
haebaru-biz,南風原,普通科,配点,not_published,確認できた令和8年度学校公式資料には項目別の数値配点が掲載されていない。,pref-r8-ratio / pref-r8-capacity / pref-r8-official-list / pref-r8-guidelines / pref-r9-info-page / school-32-criteria-detail / school-32-main / school-32-page,令和9年度の学校別選抜方法または別紙配点表が公開されたら再確認する。
haebaru-fs,南風原,普通科,配点,not_published,確認できた令和8年度学校公式資料には項目別の数値配点が掲載されていない。,pref-r8-ratio / pref-r8-capacity / pref-r8-official-list / pref-r8-guidelines / pref-r9-info-page / school-32-criteria-detail / school-32-main / school-32-page,令和9年度の学校別選抜方法または別紙配点表が公開されたら再確認する。
haebaru-kyodo,南風原,普通科,配点,not_published,確認できた令和8年度学校公式資料には項目別の数値配点が掲載されていない。,pref-r8-ratio / pref-r8-capacity / pref-r8-official-list / pref-r8-guidelines / pref-r9-info-page / school-32-criteria-detail / school-32-main / school-32-page,令和9年度の学校別選抜方法または別紙配点表が公開されたら再確認する。
nago-fr,名護,フロンティア科,令和9年度学校別募集要項・特色選抜資料,not_published,2026年7月7日時点で県公式の令和9年度学校別資料が未公表。,沖縄県教育委員会令和9年度入学者選抜ページ、学校公式入試ページ,令和9年度資料公開後、referenceYear・status・各項目・出典を令和9年度版へ差し替える。
nago-fr,名護,フロンティア科,配点,not_published,学校公式資料は選抜項目と実績ランクを示すが、項目別の配点数値を掲載していない。,pref-r8-ratio / pref-r8-capacity / pref-r8-official-list / pref-r8-guidelines / pref-r9-info-page / school-04-main / school-04-page,令和9年度学校別選抜方法の公開後に再確認する。
nago-f,名護,普通科,令和9年度学校別募集要項・特色選抜資料,not_published,2026年7月7日時点で県公式の令和9年度学校別資料が未公表。,沖縄県教育委員会令和9年度入学者選抜ページ、学校公式入試ページ,令和9年度資料公開後、referenceYear・status・各項目・出典を令和9年度版へ差し替える。
nago-f,名護,普通科,配点,not_published,学校公式資料は選抜項目と実績ランクを示すが、項目別の配点数値を掲載していない。,pref-r8-ratio / pref-r8-capacity / pref-r8-official-list / pref-r8-guidelines / pref-r9-info-page / school-04-main / school-04-page,令和9年度学校別選抜方法の公開後に再確認する。
nagosho-sh,名護商工,商業科,令和9年度学校別募集要項・特色選抜資料,not_published,2026年7月7日時点で県公式の令和9年度学校別資料が未公表。,沖縄県教育委員会令和9年度入学者選抜ページ、学校公式入試ページ,令和9年度資料公開後、referenceYear・status・各項目・出典を令和9年度版へ差し替える。
nagosho-cs,名護商工,地域産業科,令和9年度学校別募集要項・特色選抜資料,not_published,2026年7月7日時点で県公式の令和9年度学校別資料が未公表。,沖縄県教育委員会令和9年度入学者選抜ページ、学校公式入試ページ,令和9年度資料公開後、referenceYear・status・各項目・出典を令和9年度版へ差し替える。
nagosho-kd,名護商工,工業技術科,令和9年度学校別募集要項・特色選抜資料,not_published,2026年7月7日時点で県公式の令和9年度学校別資料が未公表。,沖縄県教育委員会令和9年度入学者選抜ページ、学校公式入試ページ,令和9年度資料公開後、referenceYear・status・各項目・出典を令和9年度版へ差し替える。
nagosho-km,名護商工,工業技術科,令和9年度学校別募集要項・特色選抜資料,not_published,2026年7月7日時点で県公式の令和9年度学校別資料が未公表。,沖縄県教育委員会令和9年度入学者選抜ページ、学校公式入試ページ,令和9年度資料公開後、referenceYear・status・各項目・出典を令和9年度版へ差し替える。
nagosho-ke,名護商工,建築科,令和9年度学校別募集要項・特色選抜資料,not_published,2026年7月7日時点で県公式の令和9年度学校別資料が未公表。,沖縄県教育委員会令和9年度入学者選抜ページ、学校公式入試ページ,令和9年度資料公開後、referenceYear・status・各項目・出典を令和9年度版へ差し替える。
nagosho-sj,名護商工,総合情報科,令和9年度学校別募集要項・特色選抜資料,not_published,2026年7月7日時点で県公式の令和9年度学校別資料が未公表。,沖縄県教育委員会令和9年度入学者選抜ページ、学校公式入試ページ,令和9年度資料公開後、referenceYear・status・各項目・出典を令和9年度版へ差し替える。
koyo-kb,向陽,国際文科,令和9年度学校別募集要項・特色選抜資料,not_published,2026年7月7日時点で県公式の令和9年度学校別資料が未公表。,沖縄県教育委員会令和9年度入学者選抜ページ、学校公式入試ページ,令和9年度資料公開後、referenceYear・status・各項目・出典を令和9年度版へ差し替える。
koyo-f,向陽,普通科,令和9年度学校別募集要項・特色選抜資料,not_published,2026年7月7日時点で県公式の令和9年度学校別資料が未公表。,沖縄県教育委員会令和9年度入学者選抜ページ、学校公式入試ページ,令和9年度資料公開後、referenceYear・status・各項目・出典を令和9年度版へ差し替える。
koyo-ri,向陽,理数科,令和9年度学校別募集要項・特色選抜資料,not_published,2026年7月7日時点で県公式の令和9年度学校別資料が未公表。,沖縄県教育委員会令和9年度入学者選抜ページ、学校公式入試ページ,令和9年度資料公開後、referenceYear・status・各項目・出典を令和9年度版へ差し替える。
kadena-ca,嘉手納,総合学科,令和9年度学校別募集要項・特色選抜資料,not_published,2026年7月7日時点で県公式の令和9年度学校別資料が未公表。,沖縄県教育委員会令和9年度入学者選抜ページ、学校公式入試ページ,令和9年度資料公開後、referenceYear・status・各項目・出典を令和9年度版へ差し替える。
kadena-dd,嘉手納,総合学科,令和9年度学校別募集要項・特色選抜資料,not_published,2026年7月7日時点で県公式の令和9年度学校別資料が未公表。,沖縄県教育委員会令和9年度入学者選抜ページ、学校公式入試ページ,令和9年度資料公開後、referenceYear・status・各項目・出典を令和9年度版へ差し替える。
ginoza-f,宜野座,普通科,令和9年度学校別募集要項・特色選抜資料,not_published,2026年7月7日時点で県公式の令和9年度学校別資料が未公表。,沖縄県教育委員会令和9年度入学者選抜ページ、学校公式入試ページ,令和9年度資料公開後、referenceYear・status・各項目・出典を令和9年度版へ差し替える。
ginoza-f,宜野座,普通科,実績ランク詳細,not_found,令和8年度の学校公式募集要項・特色選抜方法・入試情報ページを確認したが、級別・大会範囲別の独立した実績ランク表を公式サイト上で特定できなかった。,pref-r8-ratio / pref-r8-capacity / pref-r8-official-list / pref-r8-guidelines / pref-r9-info-page / school-05-main / school-05-page,令和9年度資料の公開時に、別紙ランク表または評価基準表が追加されていないか再確認する。
ginowan-f,宜野湾,普通科,令和9年度学校別募集要項・特色選抜資料,not_published,2026年7月7日時点で県公式の令和9年度学校別資料が未公表。,沖縄県教育委員会令和9年度入学者選抜ページ、学校公式入試ページ,令和9年度資料公開後、referenceYear・status・各項目・出典を令和9年度版へ差し替える。
ginowan-joho,宜野湾,普通科,令和9年度学校別募集要項・特色選抜資料,not_published,2026年7月7日時点で県公式の令和9年度学校別資料が未公表。,沖縄県教育委員会令和9年度入学者選抜ページ、学校公式入試ページ,令和9年度資料公開後、referenceYear・status・各項目・出典を令和9年度版へ差し替える。
ginowan-spo,宜野湾,普通科,令和9年度学校別募集要項・特色選抜資料,not_published,2026年7月7日時点で県公式の令和9年度学校別資料が未公表。,沖縄県教育委員会令和9年度入学者選抜ページ、学校公式入試ページ,令和9年度資料公開後、referenceYear・status・各項目・出典を令和9年度版へ差し替える。
miyako-br,宮古,文理探究科,令和9年度学校別募集要項・特色選抜資料,not_published,2026年7月7日時点で県公式の令和9年度学校別資料が未公表。,沖縄県教育委員会令和9年度入学者選抜ページ、学校公式入試ページ,令和9年度資料公開後、referenceYear・status・各項目・出典を令和9年度版へ差し替える。
miyako-br,宮古,文理探究科,実績ランク詳細,not_found,学校公式の選抜方法は確認したが、活動実績・資格の個別ランク表を公式サイト上で特定できなかった。,pref-r8-ratio / pref-r8-capacity / pref-r8-official-list / pref-r8-guidelines / pref-r9-info-page / school-37-main / school-37-page / miyako-r8-criteria / miyako-r8-rank,学校公式サイトの令和9年度入試資料公開時に別紙ランク表を再検索する。
miyako-f,宮古,普通科,令和9年度学校別募集要項・特色選抜資料,not_published,2026年7月7日時点で県公式の令和9年度学校別資料が未公表。,沖縄県教育委員会令和9年度入学者選抜ページ、学校公式入試ページ,令和9年度資料公開後、referenceYear・status・各項目・出典を令和9年度版へ差し替える。
miyako-f,宮古,普通科,実績ランク詳細,not_found,学校公式の選抜方法は確認したが、活動実績・資格の個別ランク表を公式サイト上で特定できなかった。,pref-r8-ratio / pref-r8-capacity / pref-r8-official-list / pref-r8-guidelines / pref-r9-info-page / school-37-main / school-37-page / miyako-r8-criteria / miyako-r8-rank,学校公式サイトの令和9年度入試資料公開時に別紙ランク表を再検索する。
miyakoko-sj,宮古工業,生活情報科,令和9年度学校別募集要項・特色選抜資料,not_published,2026年7月7日時点で県公式の令和9年度学校別資料が未公表。,沖縄県教育委員会令和9年度入学者選抜ページ、学校公式入試ページ,令和9年度資料公開後、referenceYear・status・各項目・出典を令和9年度版へ差し替える。
miyakoko-sj,宮古工業,生活情報科,実績ランク詳細,not_found,活動実績は75点×最大2項目と確認できたが、ランク・資格級別の具体的基準表は公式資料で確認できず。,pref-r8-ratio / pref-r8-capacity / pref-r8-official-list / pref-r8-guidelines / pref-r9-info-page / school-49-criteria / school-49-main / school-49-page,令和9年度資料公開時に、学校が別紙評価基準を公開するか再確認する。
miyakoko-jm,宮古工業,自動車機械システム科,令和9年度学校別募集要項・特色選抜資料,not_published,2026年7月7日時点で県公式の令和9年度学校別資料が未公表。,沖縄県教育委員会令和9年度入学者選抜ページ、学校公式入試ページ,令和9年度資料公開後、referenceYear・status・各項目・出典を令和9年度版へ差し替える。
miyakoko-jm,宮古工業,自動車機械システム科,実績ランク詳細,not_found,活動実績は75点×最大2項目と確認できたが、ランク・資格級別の具体的基準表は公式資料で確認できず。,pref-r8-ratio / pref-r8-capacity / pref-r8-official-list / pref-r8-guidelines / pref-r9-info-page / school-49-criteria / school-49-main / school-49-page,令和9年度資料公開時に、学校が別紙評価基準を公開するか再確認する。
miyakoko-dj,宮古工業,電気情報科,令和9年度学校別募集要項・特色選抜資料,not_published,2026年7月7日時点で県公式の令和9年度学校別資料が未公表。,沖縄県教育委員会令和9年度入学者選抜ページ、学校公式入試ページ,令和9年度資料公開後、referenceYear・status・各項目・出典を令和9年度版へ差し替える。
miyakoko-dj,宮古工業,電気情報科,実績ランク詳細,not_found,活動実績は75点×最大2項目と確認できたが、ランク・資格級別の具体的基準表は公式資料で確認できず。,pref-r8-ratio / pref-r8-capacity / pref-r8-official-list / pref-r8-guidelines / pref-r9-info-page / school-49-criteria / school-49-main / school-49-page,令和9年度資料公開時に、学校が別紙評価基準を公開するか再確認する。
miyasou-sh,宮古総合実業,商業科,令和9年度学校別募集要項・特色選抜資料,not_published,2026年7月7日時点で県公式の令和9年度学校別資料が未公表。,沖縄県教育委員会令和9年度入学者選抜ページ、学校公式入試ページ,令和9年度資料公開後、referenceYear・status・各項目・出典を令和9年度版へ差し替える。
miyasou-kk,宮古総合実業,海洋科学科,令和9年度学校別募集要項・特色選抜資料,not_published,2026年7月7日時点で県公式の令和9年度学校別資料が未公表。,沖縄県教育委員会令和9年度入学者選抜ページ、学校公式入試ページ,令和9年度資料公開後、referenceYear・status・各項目・出典を令和9年度版へ差し替える。
miyasou-sf,宮古総合実業,生活福祉科,令和9年度学校別募集要項・特色選抜資料,not_published,2026年7月7日時点で県公式の令和9年度学校別資料が未公表。,沖縄県教育委員会令和9年度入学者選抜ページ、学校公式入試ページ,令和9年度資料公開後、referenceYear・status・各項目・出典を令和9年度版へ差し替える。
miyasou-sb,宮古総合実業,生物生産科,令和9年度学校別募集要項・特色選抜資料,not_published,2026年7月7日時点で県公式の令和9年度学校別資料が未公表。,沖縄県教育委員会令和9年度入学者選抜ページ、学校公式入試ページ,令和9年度資料公開後、referenceYear・status・各項目・出典を令和9年度版へ差し替える。
miyasou-fc,宮古総合実業,食と環境科,令和9年度学校別募集要項・特色選抜資料,not_published,2026年7月7日時点で県公式の令和9年度学校別資料が未公表。,沖縄県教育委員会令和9年度入学者選抜ページ、学校公式入試ページ,令和9年度資料公開後、referenceYear・status・各項目・出典を令和9年度版へ差し替える。
miyasou-kc,宮古総合実業,食と環境科,令和9年度学校別募集要項・特色選抜資料,not_published,2026年7月7日時点で県公式の令和9年度学校別資料が未公表。,沖縄県教育委員会令和9年度入学者選抜ページ、学校公式入試ページ,令和9年度資料公開後、referenceYear・status・各項目・出典を令和9年度版へ差し替える。
oroku-biz,小禄,普通科,令和9年度学校別募集要項・特色選抜資料,not_published,2026年7月7日時点で県公式の令和9年度学校別資料が未公表。,沖縄県教育委員会令和9年度入学者選抜ページ、学校公式入試ページ,令和9年度資料公開後、referenceYear・status・各項目・出典を令和9年度版へ差し替える。
oroku-f,小禄,普通科,令和9年度学校別募集要項・特色選抜資料,not_published,2026年7月7日時点で県公式の令和9年度学校別資料が未公表。,沖縄県教育委員会令和9年度入学者選抜ページ、学校公式入試ページ,令和9年度資料公開後、referenceYear・status・各項目・出典を令和9年度版へ差し替える。
oroku-gei,小禄,普通科,令和9年度学校別募集要項・特色選抜資料,not_published,2026年7月7日時点で県公式の令和9年度学校別資料が未公表。,沖縄県教育委員会令和9年度入学者選抜ページ、学校公式入試ページ,令和9年度資料公開後、referenceYear・status・各項目・出典を令和9年度版へ差し替える。
oroku-biz,小禄,普通科,実績ランク詳細,not_found,令和8年度の学校公式募集要項・特色選抜方法・入試情報ページを確認したが、級別・大会範囲別の独立した実績ランク表を公式サイト上で特定できなかった。,pref-r8-ratio / pref-r8-capacity / pref-r8-official-list / pref-r8-guidelines / pref-r9-info-page / school-28-criteria-detail / school-28-main / school-28-page,令和9年度資料の公開時に、別紙ランク表または評価基準表が追加されていないか再確認する。
oroku-f,小禄,普通科,実績ランク詳細,not_found,令和8年度の学校公式募集要項・特色選抜方法・入試情報ページを確認したが、級別・大会範囲別の独立した実績ランク表を公式サイト上で特定できなかった。,pref-r8-ratio / pref-r8-capacity / pref-r8-official-list / pref-r8-guidelines / pref-r9-info-page / school-28-criteria-detail / school-28-main / school-28-page,令和9年度資料の公開時に、別紙ランク表または評価基準表が追加されていないか再確認する。
oroku-gei,小禄,普通科,実績ランク詳細,not_found,令和8年度の学校公式募集要項・特色選抜方法・入試情報ページを確認したが、級別・大会範囲別の独立した実績ランク表を公式サイト上で特定できなかった。,pref-r8-ratio / pref-r8-capacity / pref-r8-official-list / pref-r8-guidelines / pref-r9-info-page / school-28-criteria-detail / school-28-main / school-28-page,令和9年度資料の公開時に、別紙ランク表または評価基準表が追加されていないか再確認する。
futenma-f,普天間,普通科,令和9年度学校別募集要項・特色選抜資料,not_published,2026年7月7日時点で県公式の令和9年度学校別資料が未公表。,沖縄県教育委員会令和9年度入学者選抜ページ、学校公式入試ページ,令和9年度資料公開後、referenceYear・status・各項目・出典を令和9年度版へ差し替える。
motobu-sf,本部,普通科,令和9年度学校別募集要項・特色選抜資料,not_published,2026年7月7日時点で県公式の令和9年度学校別資料が未公表。,沖縄県教育委員会令和9年度入学者選抜ページ、学校公式入試ページ,令和9年度資料公開後、referenceYear・status・各項目・出典を令和9年度版へ差し替える。
motobu-sj,本部,普通科,令和9年度学校別募集要項・特色選抜資料,not_published,2026年7月7日時点で県公式の令和9年度学校別資料が未公表。,沖縄県教育委員会令和9年度入学者選抜ページ、学校公式入試ページ,令和9年度資料公開後、referenceYear・status・各項目・出典を令和9年度版へ差し替える。
okiko-doboku,沖縄工業,土木科,令和9年度学校別募集要項・特色選抜資料,not_published,2026年7月7日時点で県公式の令和9年度学校別資料が未公表。,沖縄県教育委員会令和9年度入学者選抜ページ、学校公式入試ページ,令和9年度資料公開後、referenceYear・status・各項目・出典を令和9年度版へ差し替える。
okiko-kagaku,沖縄工業,工業化学科,令和9年度学校別募集要項・特色選抜資料,not_published,2026年7月7日時点で県公式の令和9年度学校別資料が未公表。,沖縄県教育委員会令和9年度入学者選抜ページ、学校公式入試ページ,令和9年度資料公開後、referenceYear・status・各項目・出典を令和9年度版へ差し替える。
okiko-kenchiku,沖縄工業,建築科,令和9年度学校別募集要項・特色選抜資料,not_published,2026年7月7日時点で県公式の令和9年度学校別資料が未公表。,沖縄県教育委員会令和9年度入学者選抜ページ、学校公式入試ページ,令和9年度資料公開後、referenceYear・status・各項目・出典を令和9年度版へ差し替える。
okiko-johoden,沖縄工業,情報電子科,令和9年度学校別募集要項・特色選抜資料,not_published,2026年7月7日時点で県公式の令和9年度学校別資料が未公表。,沖縄県教育委員会令和9年度入学者選抜ページ、学校公式入試ページ,令和9年度資料公開後、referenceYear・status・各項目・出典を令和9年度版へ差し替える。
okiko-seikatsu,沖縄工業,生活情報科,令和9年度学校別募集要項・特色選抜資料,not_published,2026年7月7日時点で県公式の令和9年度学校別資料が未公表。,沖縄県教育委員会令和9年度入学者選抜ページ、学校公式入試ページ,令和9年度資料公開後、referenceYear・status・各項目・出典を令和9年度版へ差し替える。
okiko-denshiki,沖縄工業,電子機械科,令和9年度学校別募集要項・特色選抜資料,not_published,2026年7月7日時点で県公式の令和9年度学校別資料が未公表。,沖縄県教育委員会令和9年度入学者選抜ページ、学校公式入試ページ,令和9年度資料公開後、referenceYear・status・各項目・出典を令和9年度版へ差し替える。
okisui-ks,沖縄水産,海洋サイエンス科,令和9年度学校別募集要項・特色選抜資料,not_published,2026年7月7日時点で県公式の令和9年度学校別資料が未公表。,沖縄県教育委員会令和9年度入学者選抜ページ、学校公式入試ページ,令和9年度資料公開後、referenceYear・status・各項目・出典を令和9年度版へ差し替える。
okisui-ks,沖縄水産,海洋サイエンス科,実績ランク詳細,needs_review,公式PDFのURL・資料名・主要本文は確認済みだが、学校サーバーが継続して502エラーを返すため、表の全セルを直接再確認できない。確認できた配点・資格級・主要ランクは収録済みで、未確認部分は推測していない。,school-57-rank / school-57-criteria / school-57-page,学校サーバー復旧後に公式PDFを再取得し、現在のpartial行と全セルを照合する。
okisui-kg,沖縄水産,海洋技術科,令和9年度学校別募集要項・特色選抜資料,not_published,2026年7月7日時点で県公式の令和9年度学校別資料が未公表。,沖縄県教育委員会令和9年度入学者選抜ページ、学校公式入試ページ,令和9年度資料公開後、referenceYear・status・各項目・出典を令和9年度版へ差し替える。
okisui-kg,沖縄水産,海洋技術科,実績ランク詳細,needs_review,公式PDFのURL・資料名・主要本文は確認済みだが、学校サーバーが継続して502エラーを返すため、表の全セルを直接再確認できない。確認できた配点・資格級・主要ランクは収録済みで、未確認部分は推測していない。,school-57-rank / school-57-criteria / school-57-page,学校サーバー復旧後に公式PDFを再取得し、現在のpartial行と全セルを照合する。
okisui-sg,沖縄水産,総合学科,令和9年度学校別募集要項・特色選抜資料,not_published,2026年7月7日時点で県公式の令和9年度学校別資料が未公表。,沖縄県教育委員会令和9年度入学者選抜ページ、学校公式入試ページ,令和9年度資料公開後、referenceYear・status・各項目・出典を令和9年度版へ差し替える。
okisui-sg,沖縄水産,総合学科,実績ランク詳細,needs_review,公式PDFのURL・資料名・主要本文は確認済みだが、学校サーバーが継続して502エラーを返すため、表の全セルを直接再確認できない。確認できた配点・資格級・主要ランクは収録済みで、未確認部分は推測していない。,school-57-rank / school-57-criteria / school-57-page,学校サーバー復旧後に公式PDFを再取得し、現在のpartial行と全セルを照合する。
tomari-am,泊,普通科,令和9年度学校別募集要項・特色選抜資料,not_published,2026年7月7日時点で県公式の令和9年度学校別資料が未公表。,沖縄県教育委員会令和9年度入学者選抜ページ、学校公式入試ページ,令和9年度資料公開後、referenceYear・status・各項目・出典を令和9年度版へ差し替える。
tomari-night,泊,普通科,令和9年度学校別募集要項・特色選抜資料,not_published,2026年7月7日時点で県公式の令和9年度学校別資料が未公表。,沖縄県教育委員会令和9年度入学者選抜ページ、学校公式入試ページ,令和9年度資料公開後、referenceYear・status・各項目・出典を令和9年度版へ差し替える。
tomari-am,泊,普通科,実績ランク詳細,not_found,令和8年度の学校公式募集要項・特色選抜方法・入試情報ページを確認したが、級別・大会範囲別の独立した実績ランク表を公式サイト上で特定できなかった。,pref-r8-ratio / pref-r8-capacity / pref-r8-official-list / pref-r8-guidelines / pref-r9-info-page / school-59-main / school-59-nightPage / school-59-page,令和9年度資料の公開時に、別紙ランク表または評価基準表が追加されていないか再確認する。
tomari-night,泊,普通科,実績ランク詳細,not_found,令和8年度の学校公式募集要項・特色選抜方法・入試情報ページを確認したが、級別・大会範囲別の独立した実績ランク表を公式サイト上で特定できなかった。,pref-r8-ratio / pref-r8-capacity / pref-r8-official-list / pref-r8-guidelines / pref-r9-info-page / school-59-main / school-59-nightPage / school-59-page,令和9年度資料の公開時に、別紙ランク表または評価基準表が追加されていないか再確認する。
tomari-am,泊,普通科,配点,not_published,令和8年度学校公式募集要項に項目別の配点数値が掲載されていない。,pref-r8-ratio / pref-r8-capacity / pref-r8-official-list / pref-r8-guidelines / pref-r9-info-page / school-59-main / school-59-nightPage / school-59-page,令和9年度資料公開後に配点の新規掲載がないか再確認する。
tomari-night,泊,普通科,配点,not_published,令和8年度学校公式募集要項に項目別の配点数値が掲載されていない。,pref-r8-ratio / pref-r8-capacity / pref-r8-official-list / pref-r8-guidelines / pref-r9-info-page / school-59-main / school-59-nightPage / school-59-page,令和9年度資料公開後に配点の新規掲載がないか再確認する。
urasoe-f,浦添,普通科,令和9年度学校別募集要項・特色選抜資料,not_published,2026年7月7日時点で県公式の令和9年度学校別資料が未公表。,沖縄県教育委員会令和9年度入学者選抜ページ、学校公式入試ページ,令和9年度資料公開後、referenceYear・status・各項目・出典を令和9年度版へ差し替える。
urasho-it,浦添商業,ITビジネス科,令和9年度学校別募集要項・特色選抜資料,not_published,2026年7月7日時点で県公式の令和9年度学校別資料が未公表。,沖縄県教育委員会令和9年度入学者選抜ページ、学校公式入試ページ,令和9年度資料公開後、referenceYear・status・各項目・出典を令和9年度版へ差し替える。
urasho-kigyo,浦添商業,企業システム科,令和9年度学校別募集要項・特色選抜資料,not_published,2026年7月7日時点で県公式の令和9年度学校別資料が未公表。,沖縄県教育委員会令和9年度入学者選抜ページ、学校公式入試ページ,令和9年度資料公開後、referenceYear・status・各項目・出典を令和9年度版へ差し替える。
urasho-kanko,浦添商業,国際観光科,令和9年度学校別募集要項・特色選抜資料,not_published,2026年7月7日時点で県公式の令和9年度学校別資料が未公表。,沖縄県教育委員会令和9年度入学者選抜ページ、学校公式入試ページ,令和9年度資料公開後、referenceYear・status・各項目・出典を令和9年度版へ差し替える。
urako-interior,浦添工業,インテリア科,令和9年度学校別募集要項・特色選抜資料,not_published,2026年7月7日時点で県公式の令和9年度学校別資料が未公表。,沖縄県教育委員会令和9年度入学者選抜ページ、学校公式入試ページ,令和9年度資料公開後、referenceYear・status・各項目・出典を令和9年度版へ差し替える。
urako-design,浦添工業,デザイン科,令和9年度学校別募集要項・特色選抜資料,not_published,2026年7月7日時点で県公式の令和9年度学校別資料が未公表。,沖縄県教育委員会令和9年度入学者選抜ページ、学校公式入試ページ,令和9年度資料公開後、referenceYear・status・各項目・出典を令和9年度版へ差し替える。
urako-kenchiku,浦添工業,建築科,令和9年度学校別募集要項・特色選抜資料,not_published,2026年7月7日時点で県公式の令和9年度学校別資料が未公表。,沖縄県教育委員会令和9年度入学者選抜ページ、学校公式入試ページ,令和9年度資料公開後、referenceYear・status・各項目・出典を令和9年度版へ差し替える。
urako-johogi,浦添工業,情報技術科,令和9年度学校別募集要項・特色選抜資料,not_published,2026年7月7日時点で県公式の令和9年度学校別資料が未公表。,沖縄県教育委員会令和9年度入学者選抜ページ、学校公式入試ページ,令和9年度資料公開後、referenceYear・status・各項目・出典を令和9年度版へ差し替える。
urako-chori,浦添工業,調理科,令和9年度学校別募集要項・特色選抜資料,not_published,2026年7月7日時点で県公式の令和9年度学校別資料が未公表。,沖縄県教育委員会令和9年度入学者選抜ページ、学校公式入試ページ,令和9年度資料公開後、referenceYear・status・各項目・出典を令和9年度版へ差し替える。
kyuyo-bunri,球陽,文理探究科,令和9年度学校別募集要項・特色選抜資料,not_published,2026年7月7日時点で県公式の令和9年度学校別資料が未公表。,沖縄県教育委員会令和9年度入学者選抜ページ、学校公式入試ページ,令和9年度資料公開後、referenceYear・status・各項目・出典を令和9年度版へ差し替える。
kyuyo-bunri,球陽,文理探究科,実績ランク詳細,not_found,令和8年度の学校公式募集要項・特色選抜方法・入試情報ページを確認したが、級別・大会範囲別の独立した実績ランク表を公式サイト上で特定できなかった。,pref-r8-ratio / pref-r8-capacity / pref-r8-official-list / pref-r8-guidelines / pref-r9-info-page / school-14-main / school-14-page,令和9年度資料の公開時に、別紙ランク表または評価基準表が追加されていないか再確認する。
mawashi-fuku,真和志,みらい福祉,令和9年度学校別募集要項・特色選抜資料,not_published,2026年7月7日時点で県公式の令和9年度学校別資料が未公表。,沖縄県教育委員会令和9年度入学者選抜ページ、学校公式入試ページ,令和9年度資料公開後、referenceYear・status・各項目・出典を令和9年度版へ差し替える。
mawashi-fuku,真和志,みらい福祉,配点,not_published,確認できた令和8年度学校公式資料には項目別の数値配点が掲載されていない。,pref-r8-ratio / pref-r8-capacity / pref-r8-official-list / pref-r8-guidelines / pref-r9-info-page / school-27-criteria-detail / school-27-main / school-27-page,令和9年度の学校別選抜方法または別紙配点表が公開されたら再確認する。
mawashi-arts,真和志,普通科,令和9年度学校別募集要項・特色選抜資料,not_published,2026年7月7日時点で県公式の令和9年度学校別資料が未公表。,沖縄県教育委員会令和9年度入学者選抜ページ、学校公式入試ページ,令和9年度資料公開後、referenceYear・status・各項目・出典を令和9年度版へ差し替える。
mawashi-f,真和志,普通科,令和9年度学校別募集要項・特色選抜資料,not_published,2026年7月7日時点で県公式の令和9年度学校別資料が未公表。,沖縄県教育委員会令和9年度入学者選抜ページ、学校公式入試ページ,令和9年度資料公開後、referenceYear・status・各項目・出典を令和9年度版へ差し替える。
mawashi-arts,真和志,普通科,配点,not_published,確認できた令和8年度学校公式資料には項目別の数値配点が掲載されていない。,pref-r8-ratio / pref-r8-capacity / pref-r8-official-list / pref-r8-guidelines / pref-r9-info-page / school-27-criteria-detail / school-27-main / school-27-page,令和9年度の学校別選抜方法または別紙配点表が公開されたら再確認する。
mawashi-f,真和志,普通科,配点,not_published,確認できた令和8年度学校公式資料には項目別の数値配点が掲載されていない。,pref-r8-ratio / pref-r8-capacity / pref-r8-official-list / pref-r8-guidelines / pref-r9-info-page / school-27-criteria-detail / school-27-main / school-27-page,令和9年度の学校別選抜方法または別紙配点表が公開されたら再確認する。
chinen-f,知念,普通科,令和9年度学校別募集要項・特色選抜資料,not_published,2026年7月7日時点で県公式の令和9年度学校別資料が未公表。,沖縄県教育委員会令和9年度入学者選抜ページ、学校公式入試ページ,令和9年度資料公開後、referenceYear・status・各項目・出典を令和9年度版へ差し替える。
ishikawa-f,石川,普通科,令和9年度学校別募集要項・特色選抜資料,not_published,2026年7月7日時点で県公式の令和9年度学校別資料が未公表。,沖縄県教育委員会令和9年度入学者選抜ページ、学校公式入試ページ,令和9年度資料公開後、referenceYear・status・各項目・出典を令和9年度版へ差し替える。
itoman-f,糸満,普通科,令和9年度学校別募集要項・特色選抜資料,not_published,2026年7月7日時点で県公式の令和9年度学校別資料が未公表。,沖縄県教育委員会令和9年度入学者選抜ページ、学校公式入試ページ,令和9年度資料公開後、referenceYear・status・各項目・出典を令和9年度版へ差し替える。
miraikoka-it,美来工科,ITシステム科,令和9年度学校別募集要項・特色選抜資料,not_published,2026年7月7日時点で県公式の令和9年度学校別資料が未公表。,沖縄県教育委員会令和9年度入学者選抜ページ、学校公式入試ページ,令和9年度資料公開後、referenceYear・status・各項目・出典を令和9年度版へ差し替える。
miraikoka-cd,美来工科,コンピュータデザイン科,令和9年度学校別募集要項・特色選抜資料,not_published,2026年7月7日時点で県公式の令和9年度学校別資料が未公表。,沖縄県教育委員会令和9年度入学者選抜ページ、学校公式入試ページ,令和9年度資料公開後、referenceYear・status・各項目・出典を令和9年度版へ差し替える。
miraikoka-dk,美来工科,土木工学科,令和9年度学校別募集要項・特色選抜資料,not_published,2026年7月7日時点で県公式の令和9年度学校別資料が未公表。,沖縄県教育委員会令和9年度入学者選抜ページ、学校公式入試ページ,令和9年度資料公開後、referenceYear・status・各項目・出典を令和9年度版へ差し替える。
miraikoka-ms,美来工科,機械システム科,令和9年度学校別募集要項・特色選抜資料,not_published,2026年7月7日時点で県公式の令和9年度学校別資料が未公表。,沖縄県教育委員会令和9年度入学者選抜ページ、学校公式入試ページ,令和9年度資料公開後、referenceYear・status・各項目・出典を令和9年度版へ差し替える。
miraikoka-jd,美来工科,自動車工学科,令和9年度学校別募集要項・特色選抜資料,not_published,2026年7月7日時点で県公式の令和9年度学校別資料が未公表。,沖縄県教育委員会令和9年度入学者選抜ページ、学校公式入試ページ,令和9年度資料公開後、referenceYear・status・各項目・出典を令和9年度版へ差し替える。
miraikoka-es,美来工科,電子システム科,令和9年度学校別募集要項・特色選抜資料,not_published,2026年7月7日時点で県公式の令和9年度学校別資料が未公表。,沖縄県教育委員会令和9年度入学者選抜ページ、学校公式入試ページ,令和9年度資料公開後、referenceYear・status・各項目・出典を令和9年度版へ差し替える。
misato-f,美里,普通科,令和9年度学校別募集要項・特色選抜資料,not_published,2026年7月7日時点で県公式の令和9年度学校別資料が未公表。,沖縄県教育委員会令和9年度入学者選抜ページ、学校公式入試ページ,令和9年度資料公開後、referenceYear・status・各項目・出典を令和9年度版へ差し替える。
misatoko-ke,美里工業,建築科,令和9年度学校別募集要項・特色選抜資料,not_published,2026年7月7日時点で県公式の令和9年度学校別資料が未公表。,沖縄県教育委員会令和9年度入学者選抜ページ、学校公式入試ページ,令和9年度資料公開後、referenceYear・status・各項目・出典を令和9年度版へ差し替える。
misatoko-ke,美里工業,建築科,配点,not_published,確認できた令和8年度学校公式資料には項目別の数値配点が掲載されていない。,pref-r8-ratio / pref-r8-capacity / pref-r8-official-list / pref-r8-guidelines / pref-r9-info-page / school-44-criteria-detail / school-44-main / school-44-page,令和9年度の学校別選抜方法または別紙配点表が公開されたら再確認する。
misatoko-ki,美里工業,機械科,令和9年度学校別募集要項・特色選抜資料,not_published,2026年7月7日時点で県公式の令和9年度学校別資料が未公表。,沖縄県教育委員会令和9年度入学者選抜ページ、学校公式入試ページ,令和9年度資料公開後、referenceYear・status・各項目・出典を令和9年度版へ差し替える。
misatoko-ki,美里工業,機械科,配点,not_published,確認できた令和8年度学校公式資料には項目別の数値配点が掲載されていない。,pref-r8-ratio / pref-r8-capacity / pref-r8-official-list / pref-r8-guidelines / pref-r9-info-page / school-44-criteria-detail / school-44-main / school-44-page,令和9年度の学校別選抜方法または別紙配点表が公開されたら再確認する。
misatoko-se,美里工業,設備工業科,令和9年度学校別募集要項・特色選抜資料,not_published,2026年7月7日時点で県公式の令和9年度学校別資料が未公表。,沖縄県教育委員会令和9年度入学者選抜ページ、学校公式入試ページ,令和9年度資料公開後、referenceYear・status・各項目・出典を令和9年度版へ差し替える。
misatoko-se,美里工業,設備工業科,配点,not_published,確認できた令和8年度学校公式資料には項目別の数値配点が掲載されていない。,pref-r8-ratio / pref-r8-capacity / pref-r8-official-list / pref-r8-guidelines / pref-r9-info-page / school-44-criteria-detail / school-44-main / school-44-page,令和9年度の学校別選抜方法または別紙配点表が公開されたら再確認する。
misatoko-ch,美里工業,調理科,令和9年度学校別募集要項・特色選抜資料,not_published,2026年7月7日時点で県公式の令和9年度学校別資料が未公表。,沖縄県教育委員会令和9年度入学者選抜ページ、学校公式入試ページ,令和9年度資料公開後、referenceYear・status・各項目・出典を令和9年度版へ差し替える。
misatoko-ch,美里工業,調理科,配点,not_published,確認できた令和8年度学校公式資料には項目別の数値配点が掲載されていない。,pref-r8-ratio / pref-r8-capacity / pref-r8-official-list / pref-r8-guidelines / pref-r9-info-page / school-44-criteria-detail / school-44-main / school-44-page,令和9年度の学校別選抜方法または別紙配点表が公開されたら再確認する。
misatoko-de,美里工業,電気科,令和9年度学校別募集要項・特色選抜資料,not_published,2026年7月7日時点で県公式の令和9年度学校別資料が未公表。,沖縄県教育委員会令和9年度入学者選抜ページ、学校公式入試ページ,令和9年度資料公開後、referenceYear・status・各項目・出典を令和9年度版へ差し替える。
misatoko-de,美里工業,電気科,配点,not_published,確認できた令和8年度学校公式資料には項目別の数値配点が掲載されていない。,pref-r8-ratio / pref-r8-capacity / pref-r8-official-list / pref-r8-guidelines / pref-r9-info-page / school-44-criteria-detail / school-44-main / school-44-page,令和9年度の学校別選抜方法または別紙配点表が公開されたら再確認する。
nishihara-bunri,西原,普通科,令和9年度学校別募集要項・特色選抜資料,not_published,2026年7月7日時点で県公式の令和9年度学校別資料が未公表。,沖縄県教育委員会令和9年度入学者選抜ページ、学校公式入試ページ,令和9年度資料公開後、referenceYear・status・各項目・出典を令和9年度版へ差し替える。
nishihara-kenko,西原,普通科,令和9年度学校別募集要項・特色選抜資料,not_published,2026年7月7日時点で県公式の令和9年度学校別資料が未公表。,沖縄県教育委員会令和9年度入学者選抜ページ、学校公式入試ページ,令和9年度資料公開後、referenceYear・status・各項目・出典を令和9年度版へ差し替える。
yomitan-f,読谷,普通科,令和9年度学校別募集要項・特色選抜資料,not_published,2026年7月7日時点で県公式の令和9年度学校別資料が未公表。,沖縄県教育委員会令和9年度入学者選抜ページ、学校公式入試ページ,令和9年度資料公開後、referenceYear・status・各項目・出典を令和9年度版へ差し替える。
yomitan-f,読谷,普通科,実績ランク詳細,not_found,令和8年度の学校公式募集要項・特色選抜方法・入試情報ページを確認したが、級別・大会範囲別の独立した実績ランク表を公式サイト上で特定できなかった。,pref-r8-ratio / pref-r8-capacity / pref-r8-official-list / pref-r8-guidelines / pref-r9-info-page / school-09-main / school-09-page,令和9年度資料の公開時に、別紙ランク表または評価基準表が追加されていないか再確認する。
tomishiro-f,豊見城,普通科,令和9年度学校別募集要項・特色選抜資料,not_published,2026年7月7日時点で県公式の令和9年度学校別資料が未公表。,沖縄県教育委員会令和9年度入学者選抜ページ、学校公式入試ページ,令和9年度資料公開後、referenceYear・status・各項目・出典を令和9年度版へ差し替える。
tomishiro-f,豊見城,普通科,実績ランク詳細,not_found,令和8年度の学校公式募集要項・特色選抜方法・入試情報ページを確認したが、級別・大会範囲別の独立した実績ランク表を公式サイト上で特定できなかった。,pref-r8-ratio / pref-r8-capacity / pref-r8-official-list / pref-r8-guidelines / pref-r9-info-page / school-30-main / school-30-page,令和9年度資料の公開時に、別紙ランク表または評価基準表が追加されていないか再確認する。
tomiminami-f,豊見城南,普通科,令和9年度学校別募集要項・特色選抜資料,not_published,2026年7月7日時点で県公式の令和9年度学校別資料が未公表。,沖縄県教育委員会令和9年度入学者選抜ページ、学校公式入試ページ,令和9年度資料公開後、referenceYear・status・各項目・出典を令和9年度版へ差し替える。
tomiminami-t,豊見城南,普通科,令和9年度学校別募集要項・特色選抜資料,not_published,2026年7月7日時点で県公式の令和9年度学校別資料が未公表。,沖縄県教育委員会令和9年度入学者選抜ページ、学校公式入試ページ,令和9年度資料公開後、referenceYear・status・各項目・出典を令和9年度版へ差し替える。
tomiminami-f,豊見城南,普通科,実績ランク詳細,not_found,令和8年度の学校公式募集要項・特色選抜方法・入試情報ページを確認したが、級別・大会範囲別の独立した実績ランク表を公式サイト上で特定できなかった。,pref-r8-ratio / pref-r8-capacity / pref-r8-official-list / pref-r8-guidelines / pref-r9-info-page / school-31-page / tominan-r8-detail,令和9年度資料の公開時に、別紙ランク表または評価基準表が追加されていないか再確認する。
tomiminami-t,豊見城南,普通科,実績ランク詳細,not_found,令和8年度の学校公式募集要項・特色選抜方法・入試情報ページを確認したが、級別・大会範囲別の独立した実績ランク表を公式サイト上で特定できなかった。,pref-r8-ratio / pref-r8-capacity / pref-r8-official-list / pref-r8-guidelines / pref-r9-info-page / school-31-page / tominan-r8-detail,令和9年度資料の公開時に、別紙ランク表または評価基準表が追加されていないか再確認する。
hentona-f,辺土名,普通科,令和9年度学校別募集要項・特色選抜資料,not_published,2026年7月7日時点で県公式の令和9年度学校別資料が未公表。,沖縄県教育委員会令和9年度入学者選抜ページ、学校公式入試ページ,令和9年度資料公開後、referenceYear・status・各項目・出典を令和9年度版へ差し替える。
hentona-env,辺土名,自然環境科,令和9年度学校別募集要項・特色選抜資料,not_published,2026年7月7日時点で県公式の令和9年度学校別資料が未公表。,沖縄県教育委員会令和9年度入学者選抜ページ、学校公式入試ページ,令和9年度資料公開後、referenceYear・status・各項目・出典を令和9年度版へ差し替える。
naha-f,那覇,普通科,令和9年度学校別募集要項・特色選抜資料,not_published,2026年7月7日時点で県公式の令和9年度学校別資料が未公表。,沖縄県教育委員会令和9年度入学者選抜ページ、学校公式入試ページ,令和9年度資料公開後、referenceYear・status・各項目・出典を令和9年度版へ差し替える。
nahasho-sho,那覇商業,商業科,令和9年度学校別募集要項・特色選抜資料,not_published,2026年7月7日時点で県公式の令和9年度学校別資料が未公表。,沖縄県教育委員会令和9年度入学者選抜ページ、学校公式入試ページ,令和9年度資料公開後、referenceYear・status・各項目・出典を令和9年度版へ差し替える。
nahasho-kokukei,那覇商業,国際経済科,令和9年度学校別募集要項・特色選抜資料,not_published,2026年7月7日時点で県公式の令和9年度学校別資料が未公表。,沖縄県教育委員会令和9年度入学者選抜ページ、学校公式入試ページ,令和9年度資料公開後、referenceYear・status・各項目・出典を令和9年度版へ差し替える。
nahasho-joho,那覇商業,情報処理科,令和9年度学校別募集要項・特色選抜資料,not_published,2026年7月7日時点で県公式の令和9年度学校別資料が未公表。,沖縄県教育委員会令和9年度入学者選抜ページ、学校公式入試ページ,令和9年度資料公開後、referenceYear・status・各項目・出典を令和9年度版へ差し替える。
nahakok-k,那覇国際,国際科,令和9年度学校別募集要項・特色選抜資料,not_published,2026年7月7日時点で県公式の令和9年度学校別資料が未公表。,沖縄県教育委員会令和9年度入学者選抜ページ、学校公式入試ページ,令和9年度資料公開後、referenceYear・status・各項目・出典を令和9年度版へ差し替える。
nahakok-f,那覇国際,普通科,令和9年度学校別募集要項・特色選抜資料,not_published,2026年7月7日時点で県公式の令和9年度学校別資料が未公表。,沖縄県教育委員会令和9年度入学者選抜ページ、学校公式入試ページ,令和9年度資料公開後、referenceYear・status・各項目・出典を令和9年度版へ差し替える。
nahako-graphic,那覇工業,グラフィックアーツ科,令和9年度学校別募集要項・特色選抜資料,not_published,2026年7月7日時点で県公式の令和9年度学校別資料が未公表。,沖縄県教育委員会令和9年度入学者選抜ページ、学校公式入試ページ,令和9年度資料公開後、referenceYear・status・各項目・出典を令和9年度版へ差し替える。
nahako-fuku,那覇工業,服飾デザイン科,令和9年度学校別募集要項・特色選抜資料,not_published,2026年7月7日時点で県公式の令和9年度学校別資料が未公表。,沖縄県教育委員会令和9年度入学者選抜ページ、学校公式入試ページ,令和9年度資料公開後、referenceYear・status・各項目・出典を令和9年度版へ差し替える。
nahako-kikai,那覇工業,機械科,令和9年度学校別募集要項・特色選抜資料,not_published,2026年7月7日時点で県公式の令和9年度学校別資料が未公表。,沖縄県教育委員会令和9年度入学者選抜ページ、学校公式入試ページ,令和9年度資料公開後、referenceYear・status・各項目・出典を令和9年度版へ差し替える。
nahako-night-kikai,那覇工業,機械科,令和9年度学校別募集要項・特色選抜資料,not_published,2026年7月7日時点で県公式の令和9年度学校別資料が未公表。,沖縄県教育委員会令和9年度入学者選抜ページ、学校公式入試ページ,令和9年度資料公開後、referenceYear・status・各項目・出典を令和9年度版へ差し替える。
nahako-jidosha,那覇工業,自動車科,令和9年度学校別募集要項・特色選抜資料,not_published,2026年7月7日時点で県公式の令和9年度学校別資料が未公表。,沖縄県教育委員会令和9年度入学者選抜ページ、学校公式入試ページ,令和9年度資料公開後、referenceYear・status・各項目・出典を令和9年度版へ差し替える。
nahako-denki,那覇工業,電気科,令和9年度学校別募集要項・特色選抜資料,not_published,2026年7月7日時点で県公式の令和9年度学校別資料が未公表。,沖縄県教育委員会令和9年度入学者選抜ページ、学校公式入試ページ,令和9年度資料公開後、referenceYear・status・各項目・出典を令和9年度版へ差し替える。
nahako-night-denki,那覇工業,電気科,令和9年度学校別募集要項・特色選抜資料,not_published,2026年7月7日時点で県公式の令和9年度学校別資料が未公表。,沖縄県教育委員会令和9年度入学者選抜ページ、学校公式入試ページ,令和9年度資料公開後、referenceYear・status・各項目・出典を令和9年度版へ差し替える。
nahanishi-tai,那覇西,体育科,令和9年度学校別募集要項・特色選抜資料,not_published,2026年7月7日時点で県公式の令和9年度学校別資料が未公表。,沖縄県教育委員会令和9年度入学者選抜ページ、学校公式入試ページ,令和9年度資料公開後、referenceYear・status・各項目・出典を令和9年度版へ差し替える。
nahanishi-jin,那覇西,国際人文科,令和9年度学校別募集要項・特色選抜資料,not_published,2026年7月7日時点で県公式の令和9年度学校別資料が未公表。,沖縄県教育委員会令和9年度入学者選抜ページ、学校公式入試ページ,令和9年度資料公開後、referenceYear・status・各項目・出典を令和9年度版へ差し替える。
nahanishi-f,那覇西,普通科,令和9年度学校別募集要項・特色選抜資料,not_published,2026年7月7日時点で県公式の令和9年度学校別資料が未公表。,沖縄県教育委員会令和9年度入学者選抜ページ、学校公式入試ページ,令和9年度資料公開後、referenceYear・status・各項目・出典を令和9年度版へ差し替える。
kaiho-g,開邦,学術探究科,令和9年度学校別募集要項・特色選抜資料,not_published,2026年7月7日時点で県公式の令和9年度学校別資料が未公表。,沖縄県教育委員会令和9年度入学者選抜ページ、学校公式入試ページ,令和9年度資料公開後、referenceYear・status・各項目・出典を令和9年度版へ差し替える。
kaiho-art-art,開邦,芸術科,令和9年度学校別募集要項・特色選抜資料,not_published,2026年7月7日時点で県公式の令和9年度学校別資料が未公表。,沖縄県教育委員会令和9年度入学者選抜ページ、学校公式入試ページ,令和9年度資料公開後、referenceYear・status・各項目・出典を令和9年度版へ差し替える。
kaiho-art-music,開邦,芸術科,令和9年度学校別募集要項・特色選抜資料,not_published,2026年7月7日時点で県公式の令和9年度学校別資料が未公表。,沖縄県教育委員会令和9年度入学者選抜ページ、学校公式入試ページ,令和9年度資料公開後、referenceYear・status・各項目・出典を令和9年度版へ差し替える。
yomei-sogo,陽明,総合学科,令和9年度学校別募集要項・特色選抜資料,not_published,2026年7月7日時点で県公式の令和9年度学校別資料が未公表。,沖縄県教育委員会令和9年度入学者選抜ページ、学校公式入試ページ,令和9年度資料公開後、referenceYear・status・各項目・出典を令和9年度版へ差し替える。
shuri-f,首里,普通科,令和9年度学校別募集要項・特色選抜資料,not_published,2026年7月7日時点で県公式の令和9年度学校別資料が未公表。,沖縄県教育委員会令和9年度入学者選抜ページ、学校公式入試ページ,令和9年度資料公開後、referenceYear・status・各項目・出典を令和9年度版へ差し替える。
shuri-f,首里,普通科,配点,not_published,確認できた令和8年度学校公式資料には項目別の数値配点が掲載されていない。,pref-r8-ratio / pref-r8-capacity / pref-r8-official-list / pref-r8-guidelines / pref-r9-info-page / school-23-criteria / school-23-main / school-23-page,令和9年度の学校別選抜方法または別紙配点表が公開されたら再確認する。
shuri-sen,首里,染織デザイン科,令和9年度学校別募集要項・特色選抜資料,not_published,2026年7月7日時点で県公式の令和9年度学校別資料が未公表。,沖縄県教育委員会令和9年度入学者選抜ページ、学校公式入試ページ,令和9年度資料公開後、referenceYear・status・各項目・出典を令和9年度版へ差し替える。
shuri-sen,首里,染織デザイン科,配点,not_published,確認できた令和8年度学校公式資料には項目別の数値配点が掲載されていない。,pref-r8-ratio / pref-r8-capacity / pref-r8-official-list / pref-r8-guidelines / pref-r9-info-page / school-23-criteria / school-23-main / school-23-page,令和9年度の学校別選抜方法または別紙配点表が公開されたら再確認する。
shurihigashi-f,首里東,普通科,令和9年度学校別募集要項・特色選抜資料,not_published,2026年7月7日時点で県公式の令和9年度学校別資料が未公表。,沖縄県教育委員会令和9年度入学者選抜ページ、学校公式入試ページ,令和9年度資料公開後、referenceYear・status・各項目・出典を令和9年度版へ差し替える。
shurihigashi-f,首里東,普通科,実績ランク詳細,not_found,令和8年度の学校公式募集要項・特色選抜方法・入試情報ページを確認したが、級別・大会範囲別の独立した実績ランク表を公式サイト上で特定できなかった。,pref-r8-ratio / pref-r8-capacity / pref-r8-official-list / pref-r8-guidelines / pref-r9-info-page / school-24-main / school-24-page,令和9年度資料の公開時に、別紙ランク表または評価基準表が追加されていないか再確認する。
